Ville;Latitude;Longitude;Date;Heure;temperature_2m;weathercode;Temps_Label;windspeed_10m;wind_gusts_10m;precipitation
Ajaccio;41.92;8.73;08/08/2026;00:00;25.4;0;SOLEIL;1;0;0
Ajaccio;41.92;8.73;08/08/2026;01:00;25.4;0;SOLEIL;1;0;0
Ajaccio;41.92;8.73;08/08/2026;02:00;22.4;0;SOLEIL;1;0;0
Ajaccio;41.92;8.73;08/08/2026;03:00;22.4;0;SOLEIL;1;0;0
Ajaccio;41.92;8.73;08/08/2026;04:00;22.4;0;SOLEIL;1;0;0
Ajaccio;41.92;8.73;08/08/2026;05:00;23.9;0;SOLEIL;1;0;0
Ajaccio;41.92;8.73;08/08/2026;06:00;23.9;0;SOLEIL;1;0;0
Ajaccio;41.92;8.73;08/08/2026;07:00;23.9;0;SOLEIL;1;0;0
Ajaccio;41.92;8.73;08/08/2026;08:00;30;0;SOLEIL;3;0;0
Ajaccio;41.92;8.73;08/08/2026;09:00;30;0;SOLEIL;3;0;0
Ajaccio;41.92;8.73;08/08/2026;10:00;30;0;SOLEIL;3;0;0
Ajaccio;41.92;8.73;08/08/2026;11:00;31.7;0;SOLEIL;3;0;0
Ajaccio;41.92;8.73;08/08/2026;12:00;31.7;0;SOLEIL;3;0;0
Ajaccio;41.92;8.73;08/08/2026;13:00;31.7;0;SOLEIL;3;0;0
Ajaccio;41.92;8.73;08/08/2026;14:00;31.5;0;SOLEIL;3;0;0
Ajaccio;41.92;8.73;08/08/2026;15:00;31.5;0;SOLEIL;3;0;0
Ajaccio;41.92;8.73;08/08/2026;16:00;31.5;0;SOLEIL;3;0;0
Ajaccio;41.92;8.73;08/08/2026;17:00;29;0;SOLEIL;2;0;0
Ajaccio;41.92;8.73;08/08/2026;18:00;29;0;SOLEIL;2;0;0
Ajaccio;41.92;8.73;08/08/2026;19:00;29;0;SOLEIL;2;0;0
Ajaccio;41.92;8.73;08/08/2026;20:00;25.7;0;SOLEIL;0;0;0
Ajaccio;41.92;8.73;08/08/2026;21:00;25.7;0;SOLEIL;0;0;0
Ajaccio;41.92;8.73;08/08/2026;22:00;25.7;0;SOLEIL;0;0;0
Ajaccio;41.92;8.73;08/08/2026;23:00;24;0;SOLEIL;0;0;0
Ajaccio;41.92;8.73;09/08/2026;00:00;24;0;SOLEIL;0;0;0
Ajaccio;41.92;8.73;09/08/2026;01:00;24;0;SOLEIL;0;0;0
Ajaccio;41.92;8.73;09/08/2026;02:00;23.1;0;SOLEIL;0;0;0
Ajaccio;41.92;8.73;09/08/2026;03:00;23.1;0;SOLEIL;0;0;0
Ajaccio;41.92;8.73;09/08/2026;04:00;23.1;0;SOLEIL;0;0;0
Ajaccio;41.92;8.73;09/08/2026;05:00;24.6;0;SOLEIL;0;0;0
Ajaccio;41.92;8.73;09/08/2026;06:00;24.6;0;SOLEIL;0;0;0
Ajaccio;41.92;8.73;09/08/2026;07:00;24.6;0;SOLEIL;0;0;0
Ajaccio;41.92;8.73;09/08/2026;08:00;30.6;0;SOLEIL;2;0;0
Ajaccio;41.92;8.73;09/08/2026;09:00;30.6;0;SOLEIL;2;0;0
Ajaccio;41.92;8.73;09/08/2026;10:00;30.6;0;SOLEIL;2;0;0
Ajaccio;41.92;8.73;09/08/2026;11:00;32.6;0;SOLEIL;4;0;0
Ajaccio;41.92;8.73;09/08/2026;12:00;32.6;0;SOLEIL;4;0;0
Ajaccio;41.92;8.73;09/08/2026;13:00;32.6;0;SOLEIL;4;0;0
Ajaccio;41.92;8.73;09/08/2026;14:00;32.7;0;SOLEIL;4;0;0
Ajaccio;41.92;8.73;09/08/2026;15:00;32.7;0;SOLEIL;4;0;0
Ajaccio;41.92;8.73;09/08/2026;16:00;32.7;0;SOLEIL;4;0;0
Ajaccio;41.92;8.73;09/08/2026;17:00;30.9;0;SOLEIL;2;0;0
Ajaccio;41.92;8.73;09/08/2026;18:00;30.9;0;SOLEIL;2;0;0
Ajaccio;41.92;8.73;09/08/2026;19:00;30.9;0;SOLEIL;2;0;0
Ajaccio;41.92;8.73;09/08/2026;20:00;26.5;0;SOLEIL;5;0;0
Ajaccio;41.92;8.73;09/08/2026;21:00;25.3;0;SOLEIL;5;0;0
Ajaccio;41.92;8.73;09/08/2026;22:00;24.1;0;SOLEIL;5;0;0
Ajaccio;41.92;8.73;09/08/2026;23:00;25.1;0;SOLEIL;1;0;0
Ajaccio;41.92;8.73;10/08/2026;00:00;25.1;0;SOLEIL;1;0;0
Ajaccio;41.92;8.73;10/08/2026;01:00;25.1;0;SOLEIL;1;0;0
Ajaccio;41.92;8.73;10/08/2026;02:00;22;0;SOLEIL;5;0;0
Ajaccio;41.92;8.73;10/08/2026;03:00;22;0;SOLEIL;5;0;0
Ajaccio;41.92;8.73;10/08/2026;04:00;22;0;SOLEIL;5;0;0
Ajaccio;41.92;8.73;10/08/2026;05:00;25.9;0;SOLEIL;1;0;0
Ajaccio;41.92;8.73;10/08/2026;06:00;25.9;0;SOLEIL;1;0;0
Ajaccio;41.92;8.73;10/08/2026;07:00;25.9;0;SOLEIL;1;0;0
Ajaccio;41.92;8.73;10/08/2026;08:00;24.6;0;SOLEIL;5;0;0
Ajaccio;41.92;8.73;10/08/2026;09:00;25.9;0;SOLEIL;5;0;0
Ajaccio;41.92;8.73;10/08/2026;10:00;27.2;0;SOLEIL;5;0;0
Ajaccio;41.92;8.73;10/08/2026;11:00;33.1;0;SOLEIL;3;0;0
Ajaccio;41.92;8.73;10/08/2026;12:00;33.1;0;SOLEIL;3;0;0
Ajaccio;41.92;8.73;10/08/2026;13:00;33.1;0;SOLEIL;3;0;0
Ajaccio;41.92;8.73;10/08/2026;14:00;32.3;0;SOLEIL;5;0;0
Ajaccio;41.92;8.73;10/08/2026;15:00;33.6;0;SOLEIL;5;0;0
Ajaccio;41.92;8.73;10/08/2026;16:00;32.3;0;SOLEIL;5;0;0
Ajaccio;41.92;8.73;10/08/2026;17:00;30.5;0;SOLEIL;1;0;0
Ajaccio;41.92;8.73;10/08/2026;18:00;30.5;0;SOLEIL;1;0;0
Ajaccio;41.92;8.73;10/08/2026;19:00;30.5;0;SOLEIL;1;0;0
Ajaccio;41.92;8.73;10/08/2026;20:00;27.2;0;SOLEIL;5;0;0
Ajaccio;41.92;8.73;10/08/2026;21:00;25.9;0;SOLEIL;5;0;0
Ajaccio;41.92;8.73;10/08/2026;22:00;24.6;0;SOLEIL;5;0;0
Ajaccio;41.92;8.73;10/08/2026;23:00;25.1;0;SOLEIL;1;0;0
Ajaccio;41.92;8.73;11/08/2026;00:00;25.1;0;SOLEIL;1;0;0
Ajaccio;41.92;8.73;11/08/2026;01:00;25.1;0;SOLEIL;1;0;0
Ajaccio;41.92;8.73;11/08/2026;02:00;23.5;0;SOLEIL;5;0;0
Ajaccio;41.92;8.73;11/08/2026;03:00;23.5;0;SOLEIL;5;0;0
Ajaccio;41.92;8.73;11/08/2026;04:00;23.5;0;SOLEIL;5;0;0
Ajaccio;41.92;8.73;11/08/2026;05:00;25;0;SOLEIL;1;0;0
Ajaccio;41.92;8.73;11/08/2026;06:00;25;0;SOLEIL;1;0;0
Ajaccio;41.92;8.73;11/08/2026;07:00;25;0;SOLEIL;1;0;0
Ajaccio;41.92;8.73;11/08/2026;08:00;25.8;0;SOLEIL;5;0;0
Ajaccio;41.92;8.73;11/08/2026;09:00;27.0;0;SOLEIL;5;0;0
Ajaccio;41.92;8.73;11/08/2026;10:00;28.1;0;SOLEIL;5;0;0
Ajaccio;41.92;8.73;11/08/2026;11:00;32.5;0;SOLEIL;3;0;0
Ajaccio;41.92;8.73;11/08/2026;12:00;32.5;0;SOLEIL;3;0;0
Ajaccio;41.92;8.73;11/08/2026;13:00;32.5;0;SOLEIL;3;0;0
Ajaccio;41.92;8.73;11/08/2026;14:00;32.7;0;SOLEIL;5;0;0
Ajaccio;41.92;8.73;11/08/2026;15:00;33.9;0;SOLEIL;5;0;0
Ajaccio;41.92;8.73;11/08/2026;16:00;32.7;0;SOLEIL;5;0;0
Ajaccio;41.92;8.73;11/08/2026;17:00;29.9;0;SOLEIL;1;0;0
Ajaccio;41.92;8.73;11/08/2026;18:00;29.9;0;SOLEIL;1;0;0
Ajaccio;41.92;8.73;11/08/2026;19:00;29.9;0;SOLEIL;1;0;0
Ajaccio;41.92;8.73;11/08/2026;20:00;28.1;0;SOLEIL;5;0;0
Ajaccio;41.92;8.73;11/08/2026;21:00;27.0;0;SOLEIL;5;0;0
Ajaccio;41.92;8.73;11/08/2026;22:00;25.8;0;SOLEIL;5;0;0
Ajaccio;41.92;8.73;11/08/2026;23:00;24.2;0;SOLEIL;1;0;0
Ajaccio;41.92;8.73;12/08/2026;00:00;24.2;0;SOLEIL;1;0;0
Ajaccio;41.92;8.73;12/08/2026;01:00;24.2;0;SOLEIL;1;0;0
Ajaccio;41.92;8.73;12/08/2026;02:00;22.9;0;SOLEIL;5;0;0
Ajaccio;41.92;8.73;12/08/2026;03:00;22.9;0;SOLEIL;5;0;0
Ajaccio;41.92;8.73;12/08/2026;04:00;22.9;0;SOLEIL;5;0;0
Ajaccio;41.92;8.73;12/08/2026;05:00;25;0;SOLEIL;1;0;0
Ajaccio;41.92;8.73;12/08/2026;06:00;25;0;SOLEIL;1;0;0
Ajaccio;41.92;8.73;12/08/2026;07:00;25;0;SOLEIL;1;0;0
Ajaccio;41.92;8.73;12/08/2026;08:00;25.2;0;SOLEIL;5;0;0
Ajaccio;41.92;8.73;12/08/2026;09:00;26.3;0;SOLEIL;5;0;0
Ajaccio;41.92;8.73;12/08/2026;10:00;27.4;0;SOLEIL;5;0;0
Ajaccio;41.92;8.73;12/08/2026;11:00;32.5;0;SOLEIL;2;0;0
Ajaccio;41.92;8.73;12/08/2026;12:00;32.5;0;SOLEIL;2;0;0
Ajaccio;41.92;8.73;12/08/2026;13:00;32.5;0;SOLEIL;2;0;0
Ajaccio;41.92;8.73;12/08/2026;14:00;32.0;0;SOLEIL;5;0;0
Ajaccio;41.92;8.73;12/08/2026;15:00;33.1;0;SOLEIL;5;0;0
Ajaccio;41.92;8.73;12/08/2026;16:00;32.0;0;SOLEIL;5;0;0
Ajaccio;41.92;8.73;12/08/2026;17:00;30.5;0;SOLEIL;1;0;0
Ajaccio;41.92;8.73;12/08/2026;18:00;30.5;0;SOLEIL;1;0;0
Ajaccio;41.92;8.73;12/08/2026;19:00;30.5;0;SOLEIL;1;0;0
Ajaccio;41.92;8.73;12/08/2026;20:00;27.4;0;SOLEIL;5;0;0
Ajaccio;41.92;8.73;12/08/2026;21:00;26.3;0;SOLEIL;5;0;0
Ajaccio;41.92;8.73;12/08/2026;22:00;25.2;0;SOLEIL;5;0;0
Ajaccio;41.92;8.73;12/08/2026;23:00;25;0;SOLEIL;1;0;0
Figari;41.48;9.09;08/08/2026;00:00;23.2;0;SOLEIL;6;0;0
Figari;41.48;9.09;08/08/2026;01:00;23.2;0;SOLEIL;6;0;0
Figari;41.48;9.09;08/08/2026;02:00;21.7;0;SOLEIL;2;0;0
Figari;41.48;9.09;08/08/2026;03:00;21.7;0;SOLEIL;2;0;0
Figari;41.48;9.09;08/08/2026;04:00;21.7;0;SOLEIL;2;0;0
Figari;41.48;9.09;08/08/2026;05:00;26.1;0;SOLEIL;3;0;0
Figari;41.48;9.09;08/08/2026;06:00;26.1;0;SOLEIL;3;0;0
Figari;41.48;9.09;08/08/2026;07:00;26.1;0;SOLEIL;3;0;0
Figari;41.48;9.09;08/08/2026;08:00;32.1;0;SOLEIL;4;0;0
Figari;41.48;9.09;08/08/2026;09:00;32.1;0;SOLEIL;4;0;0
Figari;41.48;9.09;08/08/2026;10:00;32.1;0;SOLEIL;4;0;0
Figari;41.48;9.09;08/08/2026;11:00;33.1;0;SOLEIL;5;11;0
Figari;41.48;9.09;08/08/2026;12:00;33.1;0;SOLEIL;5;11;0
Figari;41.48;9.09;08/08/2026;13:00;33.1;0;SOLEIL;5;11;0
Figari;41.48;9.09;08/08/2026;14:00;33.1;0;SOLEIL;5;11;0
Figari;41.48;9.09;08/08/2026;15:00;33.1;0;SOLEIL;5;11;0
Figari;41.48;9.09;08/08/2026;16:00;33.1;0;SOLEIL;5;11;0
Figari;41.48;9.09;08/08/2026;17:00;29.1;0;SOLEIL;4;0;0
Figari;41.48;9.09;08/08/2026;18:00;29.1;0;SOLEIL;4;0;0
Figari;41.48;9.09;08/08/2026;19:00;29.1;0;SOLEIL;4;0;0
Figari;41.48;9.09;08/08/2026;20:00;24.6;0;SOLEIL;2;0;0
Figari;41.48;9.09;08/08/2026;21:00;24.6;0;SOLEIL;2;0;0
Figari;41.48;9.09;08/08/2026;22:00;24.6;0;SOLEIL;2;0;0
Figari;41.48;9.09;08/08/2026;23:00;21.6;0;SOLEIL;1;0;0
Figari;41.48;9.09;09/08/2026;00:00;21.6;0;SOLEIL;1;0;0
Figari;41.48;9.09;09/08/2026;01:00;21.6;0;SOLEIL;1;0;0
Figari;41.48;9.09;09/08/2026;02:00;21.1;0;SOLEIL;0;0;0
Figari;41.48;9.09;09/08/2026;03:00;21.1;0;SOLEIL;0;0;0
Figari;41.48;9.09;09/08/2026;04:00;21.1;0;SOLEIL;0;0;0
Figari;41.48;9.09;09/08/2026;05:00;25.6;0;SOLEIL;1;0;0
Figari;41.48;9.09;09/08/2026;06:00;25.6;0;SOLEIL;1;0;0
Figari;41.48;9.09;09/08/2026;07:00;25.6;0;SOLEIL;1;0;0
Figari;41.48;9.09;09/08/2026;08:00;33.2;0;SOLEIL;2;0;0
Figari;41.48;9.09;09/08/2026;09:00;33.2;0;SOLEIL;2;0;0
Figari;41.48;9.09;09/08/2026;10:00;33.2;0;SOLEIL;2;0;0
Figari;41.48;9.09;09/08/2026;11:00;35.2;0;SOLEIL;3;0;0
Figari;41.48;9.09;09/08/2026;12:00;35.2;0;SOLEIL;3;0;0
Figari;41.48;9.09;09/08/2026;13:00;35.2;0;SOLEIL;3;0;0
Figari;41.48;9.09;09/08/2026;14:00;34.6;0;SOLEIL;3;0;0
Figari;41.48;9.09;09/08/2026;15:00;34.6;0;SOLEIL;3;0;0
Figari;41.48;9.09;09/08/2026;16:00;34.6;0;SOLEIL;3;0;0
Figari;41.48;9.09;09/08/2026;17:00;30.6;0;SOLEIL;2;0;0
Figari;41.48;9.09;09/08/2026;18:00;30.6;0;SOLEIL;2;0;0
Figari;41.48;9.09;09/08/2026;19:00;30.6;0;SOLEIL;2;0;0
Figari;41.48;9.09;09/08/2026;20:00;26.3;0;SOLEIL;5;0;0
Figari;41.48;9.09;09/08/2026;21:00;24.8;0;SOLEIL;5;0;0
Figari;41.48;9.09;09/08/2026;22:00;23.2;0;SOLEIL;5;0;0
Figari;41.48;9.09;09/08/2026;23:00;22.1;0;SOLEIL;1;0;0
Figari;41.48;9.09;10/08/2026;00:00;22.1;0;SOLEIL;1;0;0
Figari;41.48;9.09;10/08/2026;01:00;22.1;0;SOLEIL;1;0;0
Figari;41.48;9.09;10/08/2026;02:00;20.2;0;SOLEIL;5;0;0
Figari;41.48;9.09;10/08/2026;03:00;20.2;0;SOLEIL;5;0;0
Figari;41.48;9.09;10/08/2026;04:00;20.2;0;SOLEIL;5;0;0
Figari;41.48;9.09;10/08/2026;05:00;25.1;0;SOLEIL;1;0;0
Figari;41.48;9.09;10/08/2026;06:00;25.1;0;SOLEIL;1;0;0
Figari;41.48;9.09;10/08/2026;07:00;25.1;0;SOLEIL;1;0;0
Figari;41.48;9.09;10/08/2026;08:00;23.7;0;SOLEIL;5;0;0
Figari;41.48;9.09;10/08/2026;09:00;25.5;0;SOLEIL;5;0;0
Figari;41.48;9.09;10/08/2026;10:00;27.2;0;SOLEIL;5;0;0
Figari;41.48;9.09;10/08/2026;11:00;35.6;0;SOLEIL;4;0;0
Figari;41.48;9.09;10/08/2026;12:00;35.6;0;SOLEIL;4;0;0
Figari;41.48;9.09;10/08/2026;13:00;35.6;0;SOLEIL;4;0;0
Figari;41.48;9.09;10/08/2026;14:00;34.2;0;SOLEIL;5;0;0
Figari;41.48;9.09;10/08/2026;15:00;36.0;0;SOLEIL;5;0;0
Figari;41.48;9.09;10/08/2026;16:00;34.2;0;SOLEIL;5;0;0
Figari;41.48;9.09;10/08/2026;17:00;30.5;0;SOLEIL;4;0;0
Figari;41.48;9.09;10/08/2026;18:00;30.5;0;SOLEIL;4;0;0
Figari;41.48;9.09;10/08/2026;19:00;30.5;0;SOLEIL;4;0;0
Figari;41.48;9.09;10/08/2026;20:00;27.2;0;SOLEIL;5;0;0
Figari;41.48;9.09;10/08/2026;21:00;25.5;0;SOLEIL;5;0;0
Figari;41.48;9.09;10/08/2026;22:00;23.7;0;SOLEIL;5;0;0
Figari;41.48;9.09;10/08/2026;23:00;21.9;0;SOLEIL;1;0;0
Figari;41.48;9.09;11/08/2026;00:00;21.9;0;SOLEIL;1;0;0
Figari;41.48;9.09;11/08/2026;01:00;21.9;0;SOLEIL;1;0;0
Figari;41.48;9.09;11/08/2026;02:00;19.6;0;SOLEIL;5;0;0
Figari;41.48;9.09;11/08/2026;03:00;19.6;0;SOLEIL;5;0;0
Figari;41.48;9.09;11/08/2026;04:00;19.6;0;SOLEIL;5;0;0
Figari;41.48;9.09;11/08/2026;05:00;24.4;0;SOLEIL;2;0;0
Figari;41.48;9.09;11/08/2026;06:00;24.4;0;SOLEIL;2;0;0
Figari;41.48;9.09;11/08/2026;07:00;24.4;0;SOLEIL;2;0;0
Figari;41.48;9.09;11/08/2026;08:00;23.6;0;SOLEIL;5;0;0
Figari;41.48;9.09;11/08/2026;09:00;25.5;0;SOLEIL;5;0;0
Figari;41.48;9.09;11/08/2026;10:00;27.5;0;SOLEIL;5;0;0
Figari;41.48;9.09;11/08/2026;11:00;34.6;0;SOLEIL;4;0;0
Figari;41.48;9.09;11/08/2026;12:00;34.6;0;SOLEIL;4;0;0
Figari;41.48;9.09;11/08/2026;13:00;34.6;0;SOLEIL;4;0;0
Figari;41.48;9.09;11/08/2026;14:00;35.4;0;SOLEIL;5;0;0
Figari;41.48;9.09;11/08/2026;15:00;37.4;0;SOLEIL;5;0;0
Figari;41.48;9.09;11/08/2026;16:00;35.4;0;SOLEIL;5;0;0
Figari;41.48;9.09;11/08/2026;17:00;29.6;0;SOLEIL;3;0;0
Figari;41.48;9.09;11/08/2026;18:00;29.6;0;SOLEIL;3;0;0
Figari;41.48;9.09;11/08/2026;19:00;29.6;0;SOLEIL;3;0;0
Figari;41.48;9.09;11/08/2026;20:00;27.5;0;SOLEIL;5;0;0
Figari;41.48;9.09;11/08/2026;21:00;25.5;0;SOLEIL;5;0;0
Figari;41.48;9.09;11/08/2026;22:00;23.6;0;SOLEIL;5;0;0
Figari;41.48;9.09;11/08/2026;23:00;21.5;0;SOLEIL;2;0;0
Figari;41.48;9.09;12/08/2026;00:00;21.5;0;SOLEIL;2;0;0
Figari;41.48;9.09;12/08/2026;01:00;21.5;0;SOLEIL;2;0;0
Figari;41.48;9.09;12/08/2026;02:00;20;0;SOLEIL;5;0;0
Figari;41.48;9.09;12/08/2026;03:00;20;0;SOLEIL;5;0;0
Figari;41.48;9.09;12/08/2026;04:00;20;0;SOLEIL;5;0;0
Figari;41.48;9.09;12/08/2026;05:00;24.7;0;SOLEIL;1;0;0
Figari;41.48;9.09;12/08/2026;06:00;24.7;0;SOLEIL;1;0;0
Figari;41.48;9.09;12/08/2026;07:00;24.7;0;SOLEIL;1;0;0
Figari;41.48;9.09;12/08/2026;08:00;23.6;0;SOLEIL;5;0;0
Figari;41.48;9.09;12/08/2026;09:00;25.4;0;SOLEIL;5;0;0
Figari;41.48;9.09;12/08/2026;10:00;27.2;0;SOLEIL;5;0;0
Figari;41.48;9.09;12/08/2026;11:00;34.9;0;SOLEIL;4;0;0
Figari;41.48;9.09;12/08/2026;12:00;34.9;0;SOLEIL;4;0;0
Figari;41.48;9.09;12/08/2026;13:00;34.9;0;SOLEIL;4;0;0
Figari;41.48;9.09;12/08/2026;14:00;34.4;0;SOLEIL;5;0;0
Figari;41.48;9.09;12/08/2026;15:00;36.2;0;SOLEIL;5;0;0
Figari;41.48;9.09;12/08/2026;16:00;34.4;0;SOLEIL;5;0;0
Figari;41.48;9.09;12/08/2026;17:00;30.1;0;SOLEIL;3;0;0
Figari;41.48;9.09;12/08/2026;18:00;30.1;0;SOLEIL;3;0;0
Figari;41.48;9.09;12/08/2026;19:00;30.1;0;SOLEIL;3;0;0
Figari;41.48;9.09;12/08/2026;20:00;27.2;0;SOLEIL;5;0;0
Figari;41.48;9.09;12/08/2026;21:00;25.4;0;SOLEIL;5;0;0
Figari;41.48;9.09;12/08/2026;22:00;23.6;0;SOLEIL;5;0;0
Figari;41.48;9.09;12/08/2026;23:00;22.4;0;SOLEIL;1;0;0
Porto-Vecchio;41.59;9.27;08/08/2026;00:00;25.6;0;SOLEIL;2;0;0
Porto-Vecchio;41.59;9.27;08/08/2026;01:00;25.6;0;SOLEIL;2;0;0
Porto-Vecchio;41.59;9.27;08/08/2026;02:00;22.4;0;SOLEIL;3;0;0
Porto-Vecchio;41.59;9.27;08/08/2026;03:00;22.4;0;SOLEIL;3;0;0
Porto-Vecchio;41.59;9.27;08/08/2026;04:00;22.4;0;SOLEIL;3;0;0
Porto-Vecchio;41.59;9.27;08/08/2026;05:00;26.6;0;SOLEIL;1;0;0
Porto-Vecchio;41.59;9.27;08/08/2026;06:00;26.6;0;SOLEIL;1;0;0
Porto-Vecchio;41.59;9.27;08/08/2026;07:00;26.6;0;SOLEIL;1;0;0
Porto-Vecchio;41.59;9.27;08/08/2026;08:00;34.4;0;SOLEIL;3;0;0
Porto-Vecchio;41.59;9.27;08/08/2026;09:00;34.4;0;SOLEIL;3;0;0
Porto-Vecchio;41.59;9.27;08/08/2026;10:00;34.4;0;SOLEIL;3;0;0
Porto-Vecchio;41.59;9.27;08/08/2026;11:00;36.1;0;SOLEIL;4;0;0
Porto-Vecchio;41.59;9.27;08/08/2026;12:00;36.1;0;SOLEIL;4;0;0
Porto-Vecchio;41.59;9.27;08/08/2026;13:00;36.1;0;SOLEIL;4;0;0
Porto-Vecchio;41.59;9.27;08/08/2026;14:00;36.4;0;SOLEIL;4;0;0
Porto-Vecchio;41.59;9.27;08/08/2026;15:00;36.4;0;SOLEIL;4;0;0
Porto-Vecchio;41.59;9.27;08/08/2026;16:00;36.4;0;SOLEIL;4;0;0
Porto-Vecchio;41.59;9.27;08/08/2026;17:00;29.6;0;SOLEIL;2;0;0
Porto-Vecchio;41.59;9.27;08/08/2026;18:00;29.6;0;SOLEIL;2;0;0
Porto-Vecchio;41.59;9.27;08/08/2026;19:00;29.6;0;SOLEIL;2;0;0
Porto-Vecchio;41.59;9.27;08/08/2026;20:00;26.6;0;SOLEIL;0;0;0
Porto-Vecchio;41.59;9.27;08/08/2026;21:00;26.6;0;SOLEIL;0;0;0
Porto-Vecchio;41.59;9.27;08/08/2026;22:00;26.6;0;SOLEIL;0;0;0
Porto-Vecchio;41.59;9.27;08/08/2026;23:00;25.2;0;SOLEIL;1;0;0
Porto-Vecchio;41.59;9.27;09/08/2026;00:00;25.2;0;SOLEIL;1;0;0
Porto-Vecchio;41.59;9.27;09/08/2026;01:00;25.2;0;SOLEIL;1;0;0
Porto-Vecchio;41.59;9.27;09/08/2026;02:00;23.1;0;SOLEIL;1;0;0
Porto-Vecchio;41.59;9.27;09/08/2026;03:00;23.1;0;SOLEIL;1;0;0
Porto-Vecchio;41.59;9.27;09/08/2026;04:00;23.1;0;SOLEIL;1;0;0
Porto-Vecchio;41.59;9.27;09/08/2026;05:00;26.6;0;SOLEIL;1;0;0
Porto-Vecchio;41.59;9.27;09/08/2026;06:00;26.6;0;SOLEIL;1;0;0
Porto-Vecchio;41.59;9.27;09/08/2026;07:00;26.6;0;SOLEIL;1;0;0
Porto-Vecchio;41.59;9.27;09/08/2026;08:00;32.6;0;SOLEIL;3;0;0
Porto-Vecchio;41.59;9.27;09/08/2026;09:00;32.6;0;SOLEIL;3;0;0
Porto-Vecchio;41.59;9.27;09/08/2026;10:00;32.6;0;SOLEIL;3;0;0
Porto-Vecchio;41.59;9.27;09/08/2026;11:00;33.6;0;SOLEIL;3;0;0
Porto-Vecchio;41.59;9.27;09/08/2026;12:00;33.6;0;SOLEIL;3;0;0
Porto-Vecchio;41.59;9.27;09/08/2026;13:00;33.6;0;SOLEIL;3;0;0
Porto-Vecchio;41.59;9.27;09/08/2026;14:00;33.1;0;SOLEIL;3;0;0
Porto-Vecchio;41.59;9.27;09/08/2026;15:00;33.1;0;SOLEIL;3;0;0
Porto-Vecchio;41.59;9.27;09/08/2026;16:00;33.1;0;SOLEIL;3;0;0
Porto-Vecchio;41.59;9.27;09/08/2026;17:00;30;0;SOLEIL;2;0;0
Porto-Vecchio;41.59;9.27;09/08/2026;18:00;30;0;SOLEIL;2;0;0
Porto-Vecchio;41.59;9.27;09/08/2026;19:00;30;0;SOLEIL;2;0;0
Porto-Vecchio;41.59;9.27;09/08/2026;20:00;28.2;0;SOLEIL;5;0;0
Porto-Vecchio;41.59;9.27;09/08/2026;21:00;26.5;0;SOLEIL;5;0;0
Porto-Vecchio;41.59;9.27;09/08/2026;22:00;24.9;0;SOLEIL;5;0;0
Porto-Vecchio;41.59;9.27;09/08/2026;23:00;25.4;0;SOLEIL;1;0;0
Porto-Vecchio;41.59;9.27;10/08/2026;00:00;25.4;0;SOLEIL;1;0;0
Porto-Vecchio;41.59;9.27;10/08/2026;01:00;25.4;0;SOLEIL;1;0;0
Porto-Vecchio;41.59;9.27;10/08/2026;02:00;23.1;0;SOLEIL;5;0;0
Porto-Vecchio;41.59;9.27;10/08/2026;03:00;23.1;0;SOLEIL;5;0;0
Porto-Vecchio;41.59;9.27;10/08/2026;04:00;23.1;0;SOLEIL;5;0;0
Porto-Vecchio;41.59;9.27;10/08/2026;05:00;25.6;0;SOLEIL;1;0;0
Porto-Vecchio;41.59;9.27;10/08/2026;06:00;25.6;0;SOLEIL;1;0;0
Porto-Vecchio;41.59;9.27;10/08/2026;07:00;25.6;0;SOLEIL;1;0;0
Porto-Vecchio;41.59;9.27;10/08/2026;08:00;25.6;0;SOLEIL;5;0;0
Porto-Vecchio;41.59;9.27;10/08/2026;09:00;26.9;0;SOLEIL;5;0;0
Porto-Vecchio;41.59;9.27;10/08/2026;10:00;28.1;0;SOLEIL;5;0;0
Porto-Vecchio;41.59;9.27;10/08/2026;11:00;36.5;0;SOLEIL;3;0;0
Porto-Vecchio;41.59;9.27;10/08/2026;12:00;36.5;0;SOLEIL;3;0;0
Porto-Vecchio;41.59;9.27;10/08/2026;13:00;36.5;0;SOLEIL;3;0;0
Porto-Vecchio;41.59;9.27;10/08/2026;14:00;33.1;0;SOLEIL;5;0;0
Porto-Vecchio;41.59;9.27;10/08/2026;15:00;34.4;0;SOLEIL;5;0;0
Porto-Vecchio;41.59;9.27;10/08/2026;16:00;33.1;0;SOLEIL;5;0;0
Porto-Vecchio;41.59;9.27;10/08/2026;17:00;30.5;0;SOLEIL;3;0;0
Porto-Vecchio;41.59;9.27;10/08/2026;18:00;30.5;0;SOLEIL;3;0;0
Porto-Vecchio;41.59;9.27;10/08/2026;19:00;30.5;0;SOLEIL;3;0;0
Porto-Vecchio;41.59;9.27;10/08/2026;20:00;28.1;0;SOLEIL;5;0;0
Porto-Vecchio;41.59;9.27;10/08/2026;21:00;26.9;0;SOLEIL;5;0;0
Porto-Vecchio;41.59;9.27;10/08/2026;22:00;25.6;0;SOLEIL;5;0;0
Porto-Vecchio;41.59;9.27;10/08/2026;23:00;24.1;0;SOLEIL;2;0;0
Porto-Vecchio;41.59;9.27;11/08/2026;00:00;24.1;0;SOLEIL;2;0;0
Porto-Vecchio;41.59;9.27;11/08/2026;01:00;24.1;0;SOLEIL;2;0;0
Porto-Vecchio;41.59;9.27;11/08/2026;02:00;21.6;0;SOLEIL;5;0;0
Porto-Vecchio;41.59;9.27;11/08/2026;03:00;21.6;0;SOLEIL;5;0;0
Porto-Vecchio;41.59;9.27;11/08/2026;04:00;21.6;0;SOLEIL;5;0;0
Porto-Vecchio;41.59;9.27;11/08/2026;05:00;25.1;0;SOLEIL;2;0;0
Porto-Vecchio;41.59;9.27;11/08/2026;06:00;25.1;0;SOLEIL;2;0;0
Porto-Vecchio;41.59;9.27;11/08/2026;07:00;25.1;0;SOLEIL;2;0;0
Porto-Vecchio;41.59;9.27;11/08/2026;08:00;25.1;0;SOLEIL;5;0;0
Porto-Vecchio;41.59;9.27;11/08/2026;09:00;26.8;0;SOLEIL;5;0;0
Porto-Vecchio;41.59;9.27;11/08/2026;10:00;28.5;0;SOLEIL;5;0;0
Porto-Vecchio;41.59;9.27;11/08/2026;11:00;36.1;0;SOLEIL;3;0;0
Porto-Vecchio;41.59;9.27;11/08/2026;12:00;36.1;0;SOLEIL;3;0;0
Porto-Vecchio;41.59;9.27;11/08/2026;13:00;36.1;0;SOLEIL;3;0;0
Porto-Vecchio;41.59;9.27;11/08/2026;14:00;35.5;0;SOLEIL;5;0;0
Porto-Vecchio;41.59;9.27;11/08/2026;15:00;37.2;0;SOLEIL;5;0;0
Porto-Vecchio;41.59;9.27;11/08/2026;16:00;35.5;0;SOLEIL;5;0;0
Porto-Vecchio;41.59;9.27;11/08/2026;17:00;29.7;0;SOLEIL;3;0;0
Porto-Vecchio;41.59;9.27;11/08/2026;18:00;29.7;0;SOLEIL;3;0;0
Porto-Vecchio;41.59;9.27;11/08/2026;19:00;29.7;0;SOLEIL;3;0;0
Porto-Vecchio;41.59;9.27;11/08/2026;20:00;28.5;0;SOLEIL;5;0;0
Porto-Vecchio;41.59;9.27;11/08/2026;21:00;26.8;0;SOLEIL;5;0;0
Porto-Vecchio;41.59;9.27;11/08/2026;22:00;25.1;0;SOLEIL;5;0;0
Porto-Vecchio;41.59;9.27;11/08/2026;23:00;23.9;0;SOLEIL;1;0;0
Porto-Vecchio;41.59;9.27;12/08/2026;00:00;23.9;0;SOLEIL;1;0;0
Porto-Vecchio;41.59;9.27;12/08/2026;01:00;23.9;0;SOLEIL;1;0;0
Porto-Vecchio;41.59;9.27;12/08/2026;02:00;21.5;0;SOLEIL;5;0;0
Porto-Vecchio;41.59;9.27;12/08/2026;03:00;21.5;0;SOLEIL;5;0;0
Porto-Vecchio;41.59;9.27;12/08/2026;04:00;21.5;0;SOLEIL;5;0;0
Porto-Vecchio;41.59;9.27;12/08/2026;05:00;25.9;0;SOLEIL;2;0;0
Porto-Vecchio;41.59;9.27;12/08/2026;06:00;25.9;0;SOLEIL;2;0;0
Porto-Vecchio;41.59;9.27;12/08/2026;07:00;25.9;0;SOLEIL;2;0;0
Porto-Vecchio;41.59;9.27;12/08/2026;08:00;24.9;0;SOLEIL;5;0;0
Porto-Vecchio;41.59;9.27;12/08/2026;09:00;26.5;0;SOLEIL;5;0;0
Porto-Vecchio;41.59;9.27;12/08/2026;10:00;28.2;0;SOLEIL;5;0;0
Porto-Vecchio;41.59;9.27;12/08/2026;11:00;35.5;0;SOLEIL;3;0;0
Porto-Vecchio;41.59;9.27;12/08/2026;12:00;35.5;0;SOLEIL;3;0;0
Porto-Vecchio;41.59;9.27;12/08/2026;13:00;35.5;0;SOLEIL;3;0;0
Porto-Vecchio;41.59;9.27;12/08/2026;14:00;34.9;0;SOLEIL;5;0;0
Porto-Vecchio;41.59;9.27;12/08/2026;15:00;36.6;0;SOLEIL;5;0;0
Porto-Vecchio;41.59;9.27;12/08/2026;16:00;34.9;0;SOLEIL;5;0;0
Porto-Vecchio;41.59;9.27;12/08/2026;17:00;29.9;0;SOLEIL;1;0;0
Porto-Vecchio;41.59;9.27;12/08/2026;18:00;29.9;0;SOLEIL;1;0;0
Porto-Vecchio;41.59;9.27;12/08/2026;19:00;29.9;0;SOLEIL;1;0;0
Porto-Vecchio;41.59;9.27;12/08/2026;20:00;28.2;0;SOLEIL;5;0;0
Porto-Vecchio;41.59;9.27;12/08/2026;21:00;26.5;0;SOLEIL;5;0;0
Porto-Vecchio;41.59;9.27;12/08/2026;22:00;24.9;0;SOLEIL;5;0;0
Porto-Vecchio;41.59;9.27;12/08/2026;23:00;24.2;0;SOLEIL;1;0;0
Sartène;41.62;8.97;08/08/2026;00:00;22.4;0;SOLEIL;0;0;0
Sartène;41.62;8.97;08/08/2026;01:00;22.4;0;SOLEIL;0;0;0
Sartène;41.62;8.97;08/08/2026;02:00;22.4;0;SOLEIL;1;0;0
Sartène;41.62;8.97;08/08/2026;03:00;22.4;0;SOLEIL;1;0;0
Sartène;41.62;8.97;08/08/2026;04:00;22.4;0;SOLEIL;1;0;0
Sartène;41.62;8.97;08/08/2026;05:00;24.2;0;SOLEIL;1;0;0
Sartène;41.62;8.97;08/08/2026;06:00;24.2;0;SOLEIL;1;0;0
Sartène;41.62;8.97;08/08/2026;07:00;24.2;0;SOLEIL;1;0;0
Sartène;41.62;8.97;08/08/2026;08:00;31.9;0;SOLEIL;3;0;0
Sartène;41.62;8.97;08/08/2026;09:00;31.9;0;SOLEIL;3;0;0
Sartène;41.62;8.97;08/08/2026;10:00;31.9;0;SOLEIL;3;0;0
Sartène;41.62;8.97;08/08/2026;11:00;33.6;0;SOLEIL;4;0;0
Sartène;41.62;8.97;08/08/2026;12:00;33.6;0;SOLEIL;4;0;0
Sartène;41.62;8.97;08/08/2026;13:00;33.6;0;SOLEIL;4;0;0
Sartène;41.62;8.97;08/08/2026;14:00;32.7;0;SOLEIL;4;0;0
Sartène;41.62;8.97;08/08/2026;15:00;32.7;0;SOLEIL;4;0;0
Sartène;41.62;8.97;08/08/2026;16:00;32.7;0;SOLEIL;4;0;0
Sartène;41.62;8.97;08/08/2026;17:00;26.6;0;SOLEIL;3;0;0
Sartène;41.62;8.97;08/08/2026;18:00;26.6;0;SOLEIL;3;0;0
Sartène;41.62;8.97;08/08/2026;19:00;26.6;0;SOLEIL;3;0;0
Sartène;41.62;8.97;08/08/2026;20:00;24.5;0;SOLEIL;1;0;0
Sartène;41.62;8.97;08/08/2026;21:00;24.5;0;SOLEIL;1;0;0
Sartène;41.62;8.97;08/08/2026;22:00;24.5;0;SOLEIL;1;0;0
Sartène;41.62;8.97;08/08/2026;23:00;23.7;0;SOLEIL;1;0;0
Sartène;41.62;8.97;09/08/2026;00:00;23.7;0;SOLEIL;1;0;0
Sartène;41.62;8.97;09/08/2026;01:00;23.7;0;SOLEIL;1;0;0
Sartène;41.62;8.97;09/08/2026;02:00;23.2;0;SOLEIL;1;0;0
Sartène;41.62;8.97;09/08/2026;03:00;23.2;0;SOLEIL;1;0;0
Sartène;41.62;8.97;09/08/2026;04:00;23.2;0;SOLEIL;1;0;0
Sartène;41.62;8.97;09/08/2026;05:00;26.1;0;SOLEIL;1;0;0
Sartène;41.62;8.97;09/08/2026;06:00;26.1;0;SOLEIL;1;0;0
Sartène;41.62;8.97;09/08/2026;07:00;26.1;0;SOLEIL;1;0;0
Sartène;41.62;8.97;09/08/2026;08:00;32.9;0;SOLEIL;2;0;0
Sartène;41.62;8.97;09/08/2026;09:00;32.9;0;SOLEIL;2;0;0
Sartène;41.62;8.97;09/08/2026;10:00;32.9;0;SOLEIL;2;0;0
Sartène;41.62;8.97;09/08/2026;11:00;34.4;0;SOLEIL;3;0;0
Sartène;41.62;8.97;09/08/2026;12:00;34.4;0;SOLEIL;3;0;0
Sartène;41.62;8.97;09/08/2026;13:00;34.4;0;SOLEIL;3;0;0
Sartène;41.62;8.97;09/08/2026;14:00;34.1;0;SOLEIL;3;0;0
Sartène;41.62;8.97;09/08/2026;15:00;34.1;0;SOLEIL;3;0;0
Sartène;41.62;8.97;09/08/2026;16:00;34.1;0;SOLEIL;3;0;0
Sartène;41.62;8.97;09/08/2026;17:00;29.6;0;SOLEIL;1;0;0
Sartène;41.62;8.97;09/08/2026;18:00;29.6;0;SOLEIL;1;0;0
Sartène;41.62;8.97;09/08/2026;19:00;29.6;0;SOLEIL;1;0;0
Sartène;41.62;8.97;09/08/2026;20:00;27.2;0;SOLEIL;5;0;0
Sartène;41.62;8.97;09/08/2026;21:00;25.8;0;SOLEIL;5;0;0
Sartène;41.62;8.97;09/08/2026;22:00;24.4;0;SOLEIL;5;0;0
Sartène;41.62;8.97;09/08/2026;23:00;26.4;0;SOLEIL;1;0;0
Sartène;41.62;8.97;10/08/2026;00:00;26.4;0;SOLEIL;1;0;0
Sartène;41.62;8.97;10/08/2026;01:00;26.4;0;SOLEIL;1;0;0
Sartène;41.62;8.97;10/08/2026;02:00;22.6;0;SOLEIL;5;0;0
Sartène;41.62;8.97;10/08/2026;03:00;22.6;0;SOLEIL;5;0;0
Sartène;41.62;8.97;10/08/2026;04:00;22.6;0;SOLEIL;5;0;0
Sartène;41.62;8.97;10/08/2026;05:00;27.6;0;SOLEIL;1;0;0
Sartène;41.62;8.97;10/08/2026;06:00;27.6;0;SOLEIL;1;0;0
Sartène;41.62;8.97;10/08/2026;07:00;27.6;0;SOLEIL;1;0;0
Sartène;41.62;8.97;10/08/2026;08:00;25.4;0;SOLEIL;5;0;0
Sartène;41.62;8.97;10/08/2026;09:00;26.7;0;SOLEIL;5;0;0
Sartène;41.62;8.97;10/08/2026;10:00;28.1;0;SOLEIL;5;0;0
Sartène;41.62;8.97;10/08/2026;11:00;35;0;SOLEIL;4;0;0
Sartène;41.62;8.97;10/08/2026;12:00;35;0;SOLEIL;4;0;0
Sartène;41.62;8.97;10/08/2026;13:00;35;0;SOLEIL;4;0;0
Sartène;41.62;8.97;10/08/2026;14:00;33.6;0;SOLEIL;5;0;0
Sartène;41.62;8.97;10/08/2026;15:00;35.0;0;SOLEIL;5;0;0
Sartène;41.62;8.97;10/08/2026;16:00;33.6;0;SOLEIL;5;0;0
Sartène;41.62;8.97;10/08/2026;17:00;29;0;SOLEIL;4;0;0
Sartène;41.62;8.97;10/08/2026;18:00;29;0;SOLEIL;4;0;0
Sartène;41.62;8.97;10/08/2026;19:00;29;0;SOLEIL;4;0;0
Sartène;41.62;8.97;10/08/2026;20:00;28.1;0;SOLEIL;5;0;0
Sartène;41.62;8.97;10/08/2026;21:00;26.7;0;SOLEIL;5;0;0
Sartène;41.62;8.97;10/08/2026;22:00;25.4;0;SOLEIL;5;0;0
Sartène;41.62;8.97;10/08/2026;23:00;25.2;0;SOLEIL;1;0;0
Sartène;41.62;8.97;11/08/2026;00:00;25.2;0;SOLEIL;1;0;0
Sartène;41.62;8.97;11/08/2026;01:00;25.2;0;SOLEIL;1;0;0
Sartène;41.62;8.97;11/08/2026;02:00;24.6;0;SOLEIL;5;0;0
Sartène;41.62;8.97;11/08/2026;03:00;24.6;0;SOLEIL;5;0;0
Sartène;41.62;8.97;11/08/2026;04:00;24.6;0;SOLEIL;5;0;0
Sartène;41.62;8.97;11/08/2026;05:00;27.1;0;SOLEIL;2;0;0
Sartène;41.62;8.97;11/08/2026;06:00;27.1;0;SOLEIL;2;0;0
Sartène;41.62;8.97;11/08/2026;07:00;27.1;0;SOLEIL;2;0;0
Sartène;41.62;8.97;11/08/2026;08:00;27.1;0;SOLEIL;5;0;0
Sartène;41.62;8.97;11/08/2026;09:00;28.3;0;SOLEIL;5;0;0
Sartène;41.62;8.97;11/08/2026;10:00;29.5;0;SOLEIL;5;0;0
Sartène;41.62;8.97;11/08/2026;11:00;33.6;0;SOLEIL;4;0;0
Sartène;41.62;8.97;11/08/2026;12:00;33.6;0;SOLEIL;4;0;0
Sartène;41.62;8.97;11/08/2026;13:00;33.6;0;SOLEIL;4;0;0
Sartène;41.62;8.97;11/08/2026;14:00;34.5;0;SOLEIL;5;0;0
Sartène;41.62;8.97;11/08/2026;15:00;35.7;0;SOLEIL;5;0;0
Sartène;41.62;8.97;11/08/2026;16:00;34.5;0;SOLEIL;5;0;0
Sartène;41.62;8.97;11/08/2026;17:00;28.5;0;SOLEIL;3;0;0
Sartène;41.62;8.97;11/08/2026;18:00;28.5;0;SOLEIL;3;0;0
Sartène;41.62;8.97;11/08/2026;19:00;28.5;0;SOLEIL;3;0;0
Sartène;41.62;8.97;11/08/2026;20:00;29.5;0;SOLEIL;5;0;0
Sartène;41.62;8.97;11/08/2026;21:00;28.3;0;SOLEIL;5;0;0
Sartène;41.62;8.97;11/08/2026;22:00;27.1;0;SOLEIL;5;0;0
Sartène;41.62;8.97;11/08/2026;23:00;25.6;0;SOLEIL;2;0;0
Sartène;41.62;8.97;12/08/2026;00:00;25.6;0;SOLEIL;2;0;0
Sartène;41.62;8.97;12/08/2026;01:00;25.6;0;SOLEIL;2;0;0
Sartène;41.62;8.97;12/08/2026;02:00;24;0;SOLEIL;5;0;0
Sartène;41.62;8.97;12/08/2026;03:00;24;0;SOLEIL;5;0;0
Sartène;41.62;8.97;12/08/2026;04:00;24;0;SOLEIL;5;0;0
Sartène;41.62;8.97;12/08/2026;05:00;27.5;0;SOLEIL;1;0;0
Sartène;41.62;8.97;12/08/2026;06:00;27.5;0;SOLEIL;1;0;0
Sartène;41.62;8.97;12/08/2026;07:00;27.5;0;SOLEIL;1;0;0
Sartène;41.62;8.97;12/08/2026;08:00;26.4;0;SOLEIL;5;0;0
Sartène;41.62;8.97;12/08/2026;09:00;27.6;0;SOLEIL;5;0;0
Sartène;41.62;8.97;12/08/2026;10:00;28.8;0;SOLEIL;5;0;0
Sartène;41.62;8.97;12/08/2026;11:00;34.5;0;SOLEIL;4;0;0
Sartène;41.62;8.97;12/08/2026;12:00;34.5;0;SOLEIL;4;0;0
Sartène;41.62;8.97;12/08/2026;13:00;34.5;0;SOLEIL;4;0;0
Sartène;41.62;8.97;12/08/2026;14:00;33.5;0;SOLEIL;5;0;0
Sartène;41.62;8.97;12/08/2026;15:00;34.7;0;SOLEIL;5;0;0
Sartène;41.62;8.97;12/08/2026;16:00;33.5;0;SOLEIL;5;0;0
Sartène;41.62;8.97;12/08/2026;17:00;29.1;0;SOLEIL;3;0;0
Sartène;41.62;8.97;12/08/2026;18:00;29.1;0;SOLEIL;3;0;0
Sartène;41.62;8.97;12/08/2026;19:00;29.1;0;SOLEIL;3;0;0
Sartène;41.62;8.97;12/08/2026;20:00;28.8;0;SOLEIL;5;0;0
Sartène;41.62;8.97;12/08/2026;21:00;27.6;0;SOLEIL;5;0;0
Sartène;41.62;8.97;12/08/2026;22:00;26.4;0;SOLEIL;5;0;0
Sartène;41.62;8.97;12/08/2026;23:00;26.1;0;SOLEIL;1;0;0
Zévaco;41.89;9.05;08/08/2026;00:00;21.7;0;SOLEIL;1;0;0
Zévaco;41.89;9.05;08/08/2026;01:00;21.7;0;SOLEIL;1;0;0
Zévaco;41.89;9.05;08/08/2026;02:00;21;0;SOLEIL;2;0;0
Zévaco;41.89;9.05;08/08/2026;03:00;21;0;SOLEIL;2;0;0
Zévaco;41.89;9.05;08/08/2026;04:00;21;0;SOLEIL;2;0;0
Zévaco;41.89;9.05;08/08/2026;05:00;25.6;0;SOLEIL;2;0;0
Zévaco;41.89;9.05;08/08/2026;06:00;25.6;0;SOLEIL;2;0;0
Zévaco;41.89;9.05;08/08/2026;07:00;25.6;0;SOLEIL;2;0;0
Zévaco;41.89;9.05;08/08/2026;08:00;30.1;0;SOLEIL;2;0;0
Zévaco;41.89;9.05;08/08/2026;09:00;30.1;0;SOLEIL;2;0;0
Zévaco;41.89;9.05;08/08/2026;10:00;30.1;0;SOLEIL;2;0;0
Zévaco;41.89;9.05;08/08/2026;11:00;31.9;0;SOLEIL;3;0;0
Zévaco;41.89;9.05;08/08/2026;12:00;31.9;0;SOLEIL;3;0;0
Zévaco;41.89;9.05;08/08/2026;13:00;31.9;0;SOLEIL;3;0;0
Zévaco;41.89;9.05;08/08/2026;14:00;30.9;0;SOLEIL;3;0;0
Zévaco;41.89;9.05;08/08/2026;15:00;30.9;0;SOLEIL;3;0;0
Zévaco;41.89;9.05;08/08/2026;16:00;30.9;0;SOLEIL;3;0;0
Zévaco;41.89;9.05;08/08/2026;17:00;25.7;0;SOLEIL;1;0;0
Zévaco;41.89;9.05;08/08/2026;18:00;25.7;0;SOLEIL;1;0;0
Zévaco;41.89;9.05;08/08/2026;19:00;25.7;0;SOLEIL;1;0;0
Zévaco;41.89;9.05;08/08/2026;20:00;22.6;0;SOLEIL;0;0;0
Zévaco;41.89;9.05;08/08/2026;21:00;22.6;0;SOLEIL;0;0;0
Zévaco;41.89;9.05;08/08/2026;22:00;22.6;0;SOLEIL;0;0;0
Zévaco;41.89;9.05;08/08/2026;23:00;22.9;0;SOLEIL;1;0;0
Zévaco;41.89;9.05;09/08/2026;00:00;22.9;0;SOLEIL;1;0;0
Zévaco;41.89;9.05;09/08/2026;01:00;22.9;0;SOLEIL;1;0;0
Zévaco;41.89;9.05;09/08/2026;02:00;22.7;0;SOLEIL;1;0;0
Zévaco;41.89;9.05;09/08/2026;03:00;22.7;0;SOLEIL;1;0;0
Zévaco;41.89;9.05;09/08/2026;04:00;22.7;0;SOLEIL;1;0;0
Zévaco;41.89;9.05;09/08/2026;05:00;25.1;0;SOLEIL;2;0;0
Zévaco;41.89;9.05;09/08/2026;06:00;25.1;0;SOLEIL;2;0;0
Zévaco;41.89;9.05;09/08/2026;07:00;25.1;0;SOLEIL;2;0;0
Zévaco;41.89;9.05;09/08/2026;08:00;31;0;SOLEIL;2;0;0
Zévaco;41.89;9.05;09/08/2026;09:00;31;0;SOLEIL;2;0;0
Zévaco;41.89;9.05;09/08/2026;10:00;31;0;SOLEIL;2;0;0
Zévaco;41.89;9.05;09/08/2026;11:00;32;0;SOLEIL;3;0;0
Zévaco;41.89;9.05;09/08/2026;12:00;32;0;SOLEIL;3;0;0
Zévaco;41.89;9.05;09/08/2026;13:00;32;0;SOLEIL;3;0;0
Zévaco;41.89;9.05;09/08/2026;14:00;32.1;0;SOLEIL;3;0;0
Zévaco;41.89;9.05;09/08/2026;15:00;32.1;0;SOLEIL;3;0;0
Zévaco;41.89;9.05;09/08/2026;16:00;32.1;0;SOLEIL;3;0;0
Zévaco;41.89;9.05;09/08/2026;17:00;28.6;0;SOLEIL;2;0;0
Zévaco;41.89;9.05;09/08/2026;18:00;28.6;0;SOLEIL;2;0;0
Zévaco;41.89;9.05;09/08/2026;19:00;28.6;0;SOLEIL;2;0;0
Zévaco;41.89;9.05;09/08/2026;20:00;25.8;0;SOLEIL;5;0;0
Zévaco;41.89;9.05;09/08/2026;21:00;24.5;0;SOLEIL;5;0;0
Zévaco;41.89;9.05;09/08/2026;22:00;23.1;0;SOLEIL;5;0;0
Zévaco;41.89;9.05;09/08/2026;23:00;24.5;0;SOLEIL;2;0;0
Zévaco;41.89;9.05;10/08/2026;00:00;24.5;0;SOLEIL;2;0;0
Zévaco;41.89;9.05;10/08/2026;01:00;24.5;0;SOLEIL;2;0;0
Zévaco;41.89;9.05;10/08/2026;02:00;21.7;0;SOLEIL;5;0;0
Zévaco;41.89;9.05;10/08/2026;03:00;21.7;0;SOLEIL;5;0;0
Zévaco;41.89;9.05;10/08/2026;04:00;21.7;0;SOLEIL;5;0;0
Zévaco;41.89;9.05;10/08/2026;05:00;26.7;0;SOLEIL;1;0;0
Zévaco;41.89;9.05;10/08/2026;06:00;26.7;0;SOLEIL;1;0;0
Zévaco;41.89;9.05;10/08/2026;07:00;26.7;0;SOLEIL;1;0;0
Zévaco;41.89;9.05;10/08/2026;08:00;24.2;0;SOLEIL;5;0;0
Zévaco;41.89;9.05;10/08/2026;09:00;25.5;0;SOLEIL;5;0;0
Zévaco;41.89;9.05;10/08/2026;10:00;26.7;0;SOLEIL;5;0;0
Zévaco;41.89;9.05;10/08/2026;11:00;33.2;0;SOLEIL;4;0;0
Zévaco;41.89;9.05;10/08/2026;12:00;33.2;0;SOLEIL;4;0;0
Zévaco;41.89;9.05;10/08/2026;13:00;33.2;0;SOLEIL;4;0;0
Zévaco;41.89;9.05;10/08/2026;14:00;31.7;0;SOLEIL;5;0;0
Zévaco;41.89;9.05;10/08/2026;15:00;33.0;0;SOLEIL;5;0;0
Zévaco;41.89;9.05;10/08/2026;16:00;31.7;0;SOLEIL;5;0;0
Zévaco;41.89;9.05;10/08/2026;17:00;27.5;0;SOLEIL;1;0;0
Zévaco;41.89;9.05;10/08/2026;18:00;27.5;0;SOLEIL;1;0;0
Zévaco;41.89;9.05;10/08/2026;19:00;27.5;0;SOLEIL;1;0;0
Zévaco;41.89;9.05;10/08/2026;20:00;26.7;0;SOLEIL;5;0;0
Zévaco;41.89;9.05;10/08/2026;21:00;25.5;0;SOLEIL;5;0;0
Zévaco;41.89;9.05;10/08/2026;22:00;24.2;0;SOLEIL;5;0;0
Zévaco;41.89;9.05;10/08/2026;23:00;23.6;0;SOLEIL;0;0;0
Zévaco;41.89;9.05;11/08/2026;00:00;23.6;0;SOLEIL;0;0;0
Zévaco;41.89;9.05;11/08/2026;01:00;23.6;0;SOLEIL;0;0;0
Zévaco;41.89;9.05;11/08/2026;02:00;22.6;0;SOLEIL;5;0;0
Zévaco;41.89;9.05;11/08/2026;03:00;22.6;0;SOLEIL;5;0;0
Zévaco;41.89;9.05;11/08/2026;04:00;22.6;0;SOLEIL;5;0;0
Zévaco;41.89;9.05;11/08/2026;05:00;26.6;0;SOLEIL;0;0;0
Zévaco;41.89;9.05;11/08/2026;06:00;26.6;0;SOLEIL;0;0;0
Zévaco;41.89;9.05;11/08/2026;07:00;26.6;0;SOLEIL;0;0;0
Zévaco;41.89;9.05;11/08/2026;08:00;25.1;0;SOLEIL;5;0;0
Zévaco;41.89;9.05;11/08/2026;09:00;26.4;0;SOLEIL;5;0;0
Zévaco;41.89;9.05;11/08/2026;10:00;27.6;0;SOLEIL;5;0;0
Zévaco;41.89;9.05;11/08/2026;11:00;31.9;0;SOLEIL;4;0;0
Zévaco;41.89;9.05;11/08/2026;12:00;31.9;0;SOLEIL;4;0;0
Zévaco;41.89;9.05;11/08/2026;13:00;31.9;0;SOLEIL;4;0;0
Zévaco;41.89;9.05;11/08/2026;14:00;32.6;0;SOLEIL;5;0;0
Zévaco;41.89;9.05;11/08/2026;15:00;33.9;0;SOLEIL;5;0;0
Zévaco;41.89;9.05;11/08/2026;16:00;32.6;0;SOLEIL;5;0;0
Zévaco;41.89;9.05;11/08/2026;17:00;27;6;AVERSES;1;0;0
Zévaco;41.89;9.05;11/08/2026;18:00;27;6;AVERSES;1;0;0
Zévaco;41.89;9.05;11/08/2026;19:00;27;6;AVERSES;1;0;0
Zévaco;41.89;9.05;11/08/2026;20:00;27.6;0;SOLEIL;5;0;0
Zévaco;41.89;9.05;11/08/2026;21:00;26.4;0;SOLEIL;5;0;0
Zévaco;41.89;9.05;11/08/2026;22:00;25.1;0;SOLEIL;5;0;0
Zévaco;41.89;9.05;11/08/2026;23:00;23.7;0;SOLEIL;0;0;0
Zévaco;41.89;9.05;12/08/2026;00:00;23.7;0;SOLEIL;0;0;0
Zévaco;41.89;9.05;12/08/2026;01:00;23.7;0;SOLEIL;0;0;0
Zévaco;41.89;9.05;12/08/2026;02:00;22.6;0;SOLEIL;5;0;0
Zévaco;41.89;9.05;12/08/2026;03:00;22.6;0;SOLEIL;5;0;0
Zévaco;41.89;9.05;12/08/2026;04:00;22.6;0;SOLEIL;5;0;0
Zévaco;41.89;9.05;12/08/2026;05:00;26.6;0;SOLEIL;1;0;0
Zévaco;41.89;9.05;12/08/2026;06:00;26.6;0;SOLEIL;1;0;0
Zévaco;41.89;9.05;12/08/2026;07:00;26.6;0;SOLEIL;1;0;0
Zévaco;41.89;9.05;12/08/2026;08:00;24.9;0;SOLEIL;5;0;0
Zévaco;41.89;9.05;12/08/2026;09:00;26.1;0;SOLEIL;5;0;0
Zévaco;41.89;9.05;12/08/2026;10:00;27.3;0;SOLEIL;5;0;0
Zévaco;41.89;9.05;12/08/2026;11:00;32.6;6;AVERSES;3;0;0
Zévaco;41.89;9.05;12/08/2026;12:00;32.6;6;AVERSES;3;0;0
Zévaco;41.89;9.05;12/08/2026;13:00;32.6;6;AVERSES;3;0;0
Zévaco;41.89;9.05;12/08/2026;14:00;31.9;0;SOLEIL;5;0;0
Zévaco;41.89;9.05;12/08/2026;15:00;33.1;0;SOLEIL;5;0;0
Zévaco;41.89;9.05;12/08/2026;16:00;31.9;0;SOLEIL;5;0;0
Zévaco;41.89;9.05;12/08/2026;17:00;27.5;6;AVERSES;0;0;0
Zévaco;41.89;9.05;12/08/2026;18:00;27.5;6;AVERSES;0;0;0
Zévaco;41.89;9.05;12/08/2026;19:00;27.5;6;AVERSES;0;0;0
Zévaco;41.89;9.05;12/08/2026;20:00;27.3;0;SOLEIL;5;0;0
Zévaco;41.89;9.05;12/08/2026;21:00;26.1;0;SOLEIL;5;0;0
Zévaco;41.89;9.05;12/08/2026;22:00;24.9;0;SOLEIL;5;0;0
Zévaco;41.89;9.05;12/08/2026;23:00;23.7;0;SOLEIL;1;0;0
Bastia;42.69;9.45;08/08/2026;00:00;28.1;0;SOLEIL;2;0;0
Bastia;42.69;9.45;08/08/2026;01:00;28.1;0;SOLEIL;2;0;0
Bastia;42.69;9.45;08/08/2026;02:00;28;0;SOLEIL;3;0;0
Bastia;42.69;9.45;08/08/2026;03:00;28;0;SOLEIL;3;0;0
Bastia;42.69;9.45;08/08/2026;04:00;28;0;SOLEIL;3;0;0
Bastia;42.69;9.45;08/08/2026;05:00;28.1;0;SOLEIL;1;0;0
Bastia;42.69;9.45;08/08/2026;06:00;28.1;0;SOLEIL;1;0;0
Bastia;42.69;9.45;08/08/2026;07:00;28.1;0;SOLEIL;1;0;0
Bastia;42.69;9.45;08/08/2026;08:00;31.9;0;SOLEIL;2;0;0
Bastia;42.69;9.45;08/08/2026;09:00;31.9;0;SOLEIL;2;0;0
Bastia;42.69;9.45;08/08/2026;10:00;31.9;0;SOLEIL;2;0;0
Bastia;42.69;9.45;08/08/2026;11:00;32.4;0;SOLEIL;2;0;0
Bastia;42.69;9.45;08/08/2026;12:00;32.4;0;SOLEIL;2;0;0
Bastia;42.69;9.45;08/08/2026;13:00;32.4;0;SOLEIL;2;0;0
Bastia;42.69;9.45;08/08/2026;14:00;31.9;0;SOLEIL;2;0;0
Bastia;42.69;9.45;08/08/2026;15:00;31.9;0;SOLEIL;2;0;0
Bastia;42.69;9.45;08/08/2026;16:00;31.9;0;SOLEIL;2;0;0
Bastia;42.69;9.45;08/08/2026;17:00;29.7;0;SOLEIL;2;0;0
Bastia;42.69;9.45;08/08/2026;18:00;29.7;0;SOLEIL;2;0;0
Bastia;42.69;9.45;08/08/2026;19:00;29.7;0;SOLEIL;2;0;0
Bastia;42.69;9.45;08/08/2026;20:00;28;0;SOLEIL;2;0;0
Bastia;42.69;9.45;08/08/2026;21:00;28;0;SOLEIL;2;0;0
Bastia;42.69;9.45;08/08/2026;22:00;28;0;SOLEIL;2;0;0
Bastia;42.69;9.45;08/08/2026;23:00;27.6;0;SOLEIL;2;0;0
Bastia;42.69;9.45;09/08/2026;00:00;27.6;0;SOLEIL;2;0;0
Bastia;42.69;9.45;09/08/2026;01:00;27.6;0;SOLEIL;2;0;0
Bastia;42.69;9.45;09/08/2026;02:00;26.6;0;SOLEIL;2;0;0
Bastia;42.69;9.45;09/08/2026;03:00;26.6;0;SOLEIL;2;0;0
Bastia;42.69;9.45;09/08/2026;04:00;26.6;0;SOLEIL;2;0;0
Bastia;42.69;9.45;09/08/2026;05:00;27.5;0;SOLEIL;2;0;0
Bastia;42.69;9.45;09/08/2026;06:00;27.5;0;SOLEIL;2;0;0
Bastia;42.69;9.45;09/08/2026;07:00;27.5;0;SOLEIL;2;0;0
Bastia;42.69;9.45;09/08/2026;08:00;32.6;0;SOLEIL;2;0;0
Bastia;42.69;9.45;09/08/2026;09:00;32.6;0;SOLEIL;2;0;0
Bastia;42.69;9.45;09/08/2026;10:00;32.6;0;SOLEIL;2;0;0
Bastia;42.69;9.45;09/08/2026;11:00;32;0;SOLEIL;3;0;0
Bastia;42.69;9.45;09/08/2026;12:00;32;0;SOLEIL;3;0;0
Bastia;42.69;9.45;09/08/2026;13:00;32;0;SOLEIL;3;0;0
Bastia;42.69;9.45;09/08/2026;14:00;32.1;0;SOLEIL;2;0;0
Bastia;42.69;9.45;09/08/2026;15:00;32.1;0;SOLEIL;2;0;0
Bastia;42.69;9.45;09/08/2026;16:00;32.1;0;SOLEIL;2;0;0
Bastia;42.69;9.45;09/08/2026;17:00;29.6;0;SOLEIL;1;0;0
Bastia;42.69;9.45;09/08/2026;18:00;29.6;0;SOLEIL;1;0;0
Bastia;42.69;9.45;09/08/2026;19:00;29.6;0;SOLEIL;1;0;0
Bastia;42.69;9.45;09/08/2026;20:00;30.2;0;SOLEIL;5;0;0
Bastia;42.69;9.45;09/08/2026;21:00;29.5;0;SOLEIL;5;0;0
Bastia;42.69;9.45;09/08/2026;22:00;28.8;0;SOLEIL;5;0;0
Bastia;42.69;9.45;09/08/2026;23:00;27.1;0;SOLEIL;1;0;0
Bastia;42.69;9.45;10/08/2026;00:00;27.1;0;SOLEIL;1;0;0
Bastia;42.69;9.45;10/08/2026;01:00;27.1;0;SOLEIL;1;0;0
Bastia;42.69;9.45;10/08/2026;02:00;24.4;0;SOLEIL;5;0;0
Bastia;42.69;9.45;10/08/2026;03:00;24.4;0;SOLEIL;5;0;0
Bastia;42.69;9.45;10/08/2026;04:00;24.4;0;SOLEIL;5;0;0
Bastia;42.69;9.45;10/08/2026;05:00;26.9;0;SOLEIL;1;0;0
Bastia;42.69;9.45;10/08/2026;06:00;26.9;0;SOLEIL;1;0;0
Bastia;42.69;9.45;10/08/2026;07:00;26.9;0;SOLEIL;1;0;0
Bastia;42.69;9.45;10/08/2026;08:00;26.6;0;SOLEIL;5;0;0
Bastia;42.69;9.45;10/08/2026;09:00;27.7;0;SOLEIL;5;0;0
Bastia;42.69;9.45;10/08/2026;10:00;28.8;0;SOLEIL;5;0;0
Bastia;42.69;9.45;10/08/2026;11:00;32.1;0;SOLEIL;2;0;0
Bastia;42.69;9.45;10/08/2026;12:00;32.1;0;SOLEIL;2;0;0
Bastia;42.69;9.45;10/08/2026;13:00;32.1;0;SOLEIL;2;0;0
Bastia;42.69;9.45;10/08/2026;14:00;33.3;0;SOLEIL;5;0;0
Bastia;42.69;9.45;10/08/2026;15:00;34.4;0;SOLEIL;5;0;0
Bastia;42.69;9.45;10/08/2026;16:00;33.3;0;SOLEIL;5;0;0
Bastia;42.69;9.45;10/08/2026;17:00;29.1;0;SOLEIL;0;0;0
Bastia;42.69;9.45;10/08/2026;18:00;29.1;0;SOLEIL;0;0;0
Bastia;42.69;9.45;10/08/2026;19:00;29.1;0;SOLEIL;0;0;0
Bastia;42.69;9.45;10/08/2026;20:00;28.8;0;SOLEIL;5;0;0
Bastia;42.69;9.45;10/08/2026;21:00;27.7;0;SOLEIL;5;0;0
Bastia;42.69;9.45;10/08/2026;22:00;26.6;0;SOLEIL;5;0;0
Bastia;42.69;9.45;10/08/2026;23:00;26.7;0;SOLEIL;1;0;0
Bastia;42.69;9.45;11/08/2026;00:00;26.7;0;SOLEIL;1;0;0
Bastia;42.69;9.45;11/08/2026;01:00;26.7;0;SOLEIL;1;0;0
Bastia;42.69;9.45;11/08/2026;02:00;25.2;0;SOLEIL;5;0;0
Bastia;42.69;9.45;11/08/2026;03:00;25.2;0;SOLEIL;5;0;0
Bastia;42.69;9.45;11/08/2026;04:00;25.2;0;SOLEIL;5;0;0
Bastia;42.69;9.45;11/08/2026;05:00;27.4;0;SOLEIL;1;0;0
Bastia;42.69;9.45;11/08/2026;06:00;27.4;0;SOLEIL;1;0;0
Bastia;42.69;9.45;11/08/2026;07:00;27.4;0;SOLEIL;1;0;0
Bastia;42.69;9.45;11/08/2026;08:00;26.9;0;SOLEIL;5;0;0
Bastia;42.69;9.45;11/08/2026;09:00;27.8;0;SOLEIL;5;0;0
Bastia;42.69;9.45;11/08/2026;10:00;28.6;0;SOLEIL;5;0;0
Bastia;42.69;9.45;11/08/2026;11:00;32.1;0;SOLEIL;2;0;0
Bastia;42.69;9.45;11/08/2026;12:00;32.1;0;SOLEIL;2;0;0
Bastia;42.69;9.45;11/08/2026;13:00;32.1;0;SOLEIL;2;0;0
Bastia;42.69;9.45;11/08/2026;14:00;32.0;0;SOLEIL;5;0;0
Bastia;42.69;9.45;11/08/2026;15:00;32.9;0;SOLEIL;5;0;0
Bastia;42.69;9.45;11/08/2026;16:00;32.0;0;SOLEIL;5;0;0
Bastia;42.69;9.45;11/08/2026;17:00;29.1;0;SOLEIL;0;0;0
Bastia;42.69;9.45;11/08/2026;18:00;29.1;0;SOLEIL;0;0;0
Bastia;42.69;9.45;11/08/2026;19:00;29.1;0;SOLEIL;0;0;0
Bastia;42.69;9.45;11/08/2026;20:00;28.6;0;SOLEIL;5;0;0
Bastia;42.69;9.45;11/08/2026;21:00;27.8;0;SOLEIL;5;0;0
Bastia;42.69;9.45;11/08/2026;22:00;26.9;0;SOLEIL;5;0;0
Bastia;42.69;9.45;11/08/2026;23:00;26.9;0;SOLEIL;1;0;0
Bastia;42.69;9.45;12/08/2026;00:00;26.9;0;SOLEIL;1;0;0
Bastia;42.69;9.45;12/08/2026;01:00;26.9;0;SOLEIL;1;0;0
Bastia;42.69;9.45;12/08/2026;02:00;25.5;0;SOLEIL;5;0;0
Bastia;42.69;9.45;12/08/2026;03:00;25.5;0;SOLEIL;5;0;0
Bastia;42.69;9.45;12/08/2026;04:00;25.5;0;SOLEIL;5;0;0
Bastia;42.69;9.45;12/08/2026;05:00;27.6;0;SOLEIL;1;0;0
Bastia;42.69;9.45;12/08/2026;06:00;27.6;0;SOLEIL;1;0;0
Bastia;42.69;9.45;12/08/2026;07:00;27.6;0;SOLEIL;1;0;0
Bastia;42.69;9.45;12/08/2026;08:00;27.1;0;SOLEIL;5;0;0
Bastia;42.69;9.45;12/08/2026;09:00;28.0;0;SOLEIL;5;0;0
Bastia;42.69;9.45;12/08/2026;10:00;28.8;0;SOLEIL;5;0;0
Bastia;42.69;9.45;12/08/2026;11:00;32.9;0;SOLEIL;3;0;0
Bastia;42.69;9.45;12/08/2026;12:00;32.9;0;SOLEIL;3;0;0
Bastia;42.69;9.45;12/08/2026;13:00;32.9;0;SOLEIL;3;0;0
Bastia;42.69;9.45;12/08/2026;14:00;32.1;0;SOLEIL;5;0;0
Bastia;42.69;9.45;12/08/2026;15:00;32.9;0;SOLEIL;5;0;0
Bastia;42.69;9.45;12/08/2026;16:00;32.1;0;SOLEIL;5;0;0
Bastia;42.69;9.45;12/08/2026;17:00;29.5;0;SOLEIL;2;0;0
Bastia;42.69;9.45;12/08/2026;18:00;29.5;0;SOLEIL;2;0;0
Bastia;42.69;9.45;12/08/2026;19:00;29.5;0;SOLEIL;2;0;0
Bastia;42.69;9.45;12/08/2026;20:00;28.8;0;SOLEIL;5;0;0
Bastia;42.69;9.45;12/08/2026;21:00;28.0;0;SOLEIL;5;0;0
Bastia;42.69;9.45;12/08/2026;22:00;27.1;0;SOLEIL;5;0;0
Bastia;42.69;9.45;12/08/2026;23:00;27.2;0;SOLEIL;2;0;0
Calvi;42.56;8.75;08/08/2026;00:00;27;0;SOLEIL;4;0;0
Calvi;42.56;8.75;08/08/2026;01:00;27;0;SOLEIL;4;0;0
Calvi;42.56;8.75;08/08/2026;02:00;26.6;0;SOLEIL;9;0;0
Calvi;42.56;8.75;08/08/2026;03:00;26.6;0;SOLEIL;9;0;0
Calvi;42.56;8.75;08/08/2026;04:00;26.6;0;SOLEIL;9;0;0
Calvi;42.56;8.75;08/08/2026;05:00;27.7;0;SOLEIL;6;0;0
Calvi;42.56;8.75;08/08/2026;06:00;27.7;0;SOLEIL;6;0;0
Calvi;42.56;8.75;08/08/2026;07:00;27.7;0;SOLEIL;6;0;0
Calvi;42.56;8.75;08/08/2026;08:00;30.5;0;SOLEIL;5;0;0
Calvi;42.56;8.75;08/08/2026;09:00;30.5;0;SOLEIL;5;0;0
Calvi;42.56;8.75;08/08/2026;10:00;30.5;0;SOLEIL;5;0;0
Calvi;42.56;8.75;08/08/2026;11:00;29.6;0;SOLEIL;6;0;0
Calvi;42.56;8.75;08/08/2026;12:00;29.6;0;SOLEIL;6;0;0
Calvi;42.56;8.75;08/08/2026;13:00;29.6;0;SOLEIL;6;0;0
Calvi;42.56;8.75;08/08/2026;14:00;29.9;0;SOLEIL;6;0;0
Calvi;42.56;8.75;08/08/2026;15:00;29.9;0;SOLEIL;6;0;0
Calvi;42.56;8.75;08/08/2026;16:00;29.9;0;SOLEIL;6;0;0
Calvi;42.56;8.75;08/08/2026;17:00;27.9;0;SOLEIL;4;0;0
Calvi;42.56;8.75;08/08/2026;18:00;27.9;0;SOLEIL;4;0;0
Calvi;42.56;8.75;08/08/2026;19:00;27.9;0;SOLEIL;4;0;0
Calvi;42.56;8.75;08/08/2026;20:00;24.9;0;SOLEIL;4;0;0
Calvi;42.56;8.75;08/08/2026;21:00;24.9;0;SOLEIL;4;0;0
Calvi;42.56;8.75;08/08/2026;22:00;24.9;0;SOLEIL;4;0;0
Calvi;42.56;8.75;08/08/2026;23:00;23.6;0;SOLEIL;2;0;0
Calvi;42.56;8.75;09/08/2026;00:00;23.6;0;SOLEIL;2;0;0
Calvi;42.56;8.75;09/08/2026;01:00;23.6;0;SOLEIL;2;0;0
Calvi;42.56;8.75;09/08/2026;02:00;23;0;SOLEIL;1;0;0
Calvi;42.56;8.75;09/08/2026;03:00;23;0;SOLEIL;1;0;0
Calvi;42.56;8.75;09/08/2026;04:00;23;0;SOLEIL;1;0;0
Calvi;42.56;8.75;09/08/2026;05:00;25.6;0;SOLEIL;0;0;0
Calvi;42.56;8.75;09/08/2026;06:00;25.6;0;SOLEIL;0;0;0
Calvi;42.56;8.75;09/08/2026;07:00;25.6;0;SOLEIL;0;0;0
Calvi;42.56;8.75;09/08/2026;08:00;29.2;0;SOLEIL;2;0;0
Calvi;42.56;8.75;09/08/2026;09:00;29.2;0;SOLEIL;2;0;0
Calvi;42.56;8.75;09/08/2026;10:00;29.2;0;SOLEIL;2;0;0
Calvi;42.56;8.75;09/08/2026;11:00;29.6;0;SOLEIL;2;0;0
Calvi;42.56;8.75;09/08/2026;12:00;29.6;0;SOLEIL;2;0;0
Calvi;42.56;8.75;09/08/2026;13:00;29.6;0;SOLEIL;2;0;0
Calvi;42.56;8.75;09/08/2026;14:00;29.9;0;SOLEIL;2;0;0
Calvi;42.56;8.75;09/08/2026;15:00;29.9;0;SOLEIL;2;0;0
Calvi;42.56;8.75;09/08/2026;16:00;29.9;0;SOLEIL;2;0;0
Calvi;42.56;8.75;09/08/2026;17:00;29.4;0;SOLEIL;1;0;0
Calvi;42.56;8.75;09/08/2026;18:00;29.4;0;SOLEIL;1;0;0
Calvi;42.56;8.75;09/08/2026;19:00;29.4;0;SOLEIL;1;0;0
Calvi;42.56;8.75;09/08/2026;20:00;27.7;0;SOLEIL;5;0;0
Calvi;42.56;8.75;09/08/2026;21:00;26.9;0;SOLEIL;5;0;0
Calvi;42.56;8.75;09/08/2026;22:00;26.2;0;SOLEIL;5;0;0
Calvi;42.56;8.75;09/08/2026;23:00;24.2;0;SOLEIL;2;0;0
Calvi;42.56;8.75;10/08/2026;00:00;24.2;0;SOLEIL;2;0;0
Calvi;42.56;8.75;10/08/2026;01:00;24.2;0;SOLEIL;2;0;0
Calvi;42.56;8.75;10/08/2026;02:00;22;0;SOLEIL;5;0;0
Calvi;42.56;8.75;10/08/2026;03:00;22;0;SOLEIL;5;0;0
Calvi;42.56;8.75;10/08/2026;04:00;22;0;SOLEIL;5;0;0
Calvi;42.56;8.75;10/08/2026;05:00;27.2;0;SOLEIL;0;0;0
Calvi;42.56;8.75;10/08/2026;06:00;27.2;0;SOLEIL;0;0;0
Calvi;42.56;8.75;10/08/2026;07:00;27.2;0;SOLEIL;0;0;0
Calvi;42.56;8.75;10/08/2026;08:00;23.9;0;SOLEIL;5;0;0
Calvi;42.56;8.75;10/08/2026;09:00;24.9;0;SOLEIL;5;0;0
Calvi;42.56;8.75;10/08/2026;10:00;25.9;0;SOLEIL;5;0;0
Calvi;42.56;8.75;10/08/2026;11:00;31.5;0;SOLEIL;3;0;0
Calvi;42.56;8.75;10/08/2026;12:00;31.5;0;SOLEIL;3;0;0
Calvi;42.56;8.75;10/08/2026;13:00;31.5;0;SOLEIL;3;0;0
Calvi;42.56;8.75;10/08/2026;14:00;29.7;0;SOLEIL;5;0;0
Calvi;42.56;8.75;10/08/2026;15:00;30.7;0;SOLEIL;5;0;0
Calvi;42.56;8.75;10/08/2026;16:00;29.7;0;SOLEIL;5;0;0
Calvi;42.56;8.75;10/08/2026;17:00;29.1;0;SOLEIL;2;0;0
Calvi;42.56;8.75;10/08/2026;18:00;29.1;0;SOLEIL;2;0;0
Calvi;42.56;8.75;10/08/2026;19:00;29.1;0;SOLEIL;2;0;0
Calvi;42.56;8.75;10/08/2026;20:00;25.9;0;SOLEIL;5;0;0
Calvi;42.56;8.75;10/08/2026;21:00;24.9;0;SOLEIL;5;0;0
Calvi;42.56;8.75;10/08/2026;22:00;23.9;0;SOLEIL;5;0;0
Calvi;42.56;8.75;10/08/2026;23:00;25;0;SOLEIL;2;0;0
Calvi;42.56;8.75;11/08/2026;00:00;25;0;SOLEIL;2;0;0
Calvi;42.56;8.75;11/08/2026;01:00;25;0;SOLEIL;2;0;0
Calvi;42.56;8.75;11/08/2026;02:00;23.5;0;SOLEIL;5;0;0
Calvi;42.56;8.75;11/08/2026;03:00;23.5;0;SOLEIL;5;0;0
Calvi;42.56;8.75;11/08/2026;04:00;23.5;0;SOLEIL;5;0;0
Calvi;42.56;8.75;11/08/2026;05:00;28.2;0;SOLEIL;2;0;0
Calvi;42.56;8.75;11/08/2026;06:00;28.2;0;SOLEIL;2;0;0
Calvi;42.56;8.75;11/08/2026;07:00;28.2;0;SOLEIL;2;0;0
Calvi;42.56;8.75;11/08/2026;08:00;25.4;0;SOLEIL;5;0;0
Calvi;42.56;8.75;11/08/2026;09:00;26.4;0;SOLEIL;5;0;0
Calvi;42.56;8.75;11/08/2026;10:00;27.4;0;SOLEIL;5;0;0
Calvi;42.56;8.75;11/08/2026;11:00;32.2;0;SOLEIL;4;0;0
Calvi;42.56;8.75;11/08/2026;12:00;32.2;0;SOLEIL;4;0;0
Calvi;42.56;8.75;11/08/2026;13:00;32.2;0;SOLEIL;4;0;0
Calvi;42.56;8.75;11/08/2026;14:00;31.2;0;SOLEIL;5;0;0
Calvi;42.56;8.75;11/08/2026;15:00;32.2;0;SOLEIL;5;0;0
Calvi;42.56;8.75;11/08/2026;16:00;31.2;0;SOLEIL;5;0;0
Calvi;42.56;8.75;11/08/2026;17:00;28.7;0;SOLEIL;2;0;0
Calvi;42.56;8.75;11/08/2026;18:00;28.7;0;SOLEIL;2;0;0
Calvi;42.56;8.75;11/08/2026;19:00;28.7;0;SOLEIL;2;0;0
Calvi;42.56;8.75;11/08/2026;20:00;27.4;0;SOLEIL;5;0;0
Calvi;42.56;8.75;11/08/2026;21:00;26.4;0;SOLEIL;5;0;0
Calvi;42.56;8.75;11/08/2026;22:00;25.4;0;SOLEIL;5;0;0
Calvi;42.56;8.75;11/08/2026;23:00;24.7;0;SOLEIL;0;0;0
Calvi;42.56;8.75;12/08/2026;00:00;24.7;0;SOLEIL;0;0;0
Calvi;42.56;8.75;12/08/2026;01:00;24.7;0;SOLEIL;0;0;0
Calvi;42.56;8.75;12/08/2026;02:00;23.9;0;SOLEIL;5;0;0
Calvi;42.56;8.75;12/08/2026;03:00;23.9;0;SOLEIL;5;0;0
Calvi;42.56;8.75;12/08/2026;04:00;23.9;0;SOLEIL;5;0;0
Calvi;42.56;8.75;12/08/2026;05:00;27.5;0;SOLEIL;1;0;0
Calvi;42.56;8.75;12/08/2026;06:00;27.5;0;SOLEIL;1;0;0
Calvi;42.56;8.75;12/08/2026;07:00;27.5;0;SOLEIL;1;0;0
Calvi;42.56;8.75;12/08/2026;08:00;25.9;0;SOLEIL;5;0;0
Calvi;42.56;8.75;12/08/2026;09:00;26.8;0;SOLEIL;5;0;0
Calvi;42.56;8.75;12/08/2026;10:00;27.8;0;SOLEIL;5;0;0
Calvi;42.56;8.75;12/08/2026;11:00;30.7;0;SOLEIL;3;0;0
Calvi;42.56;8.75;12/08/2026;12:00;30.7;0;SOLEIL;3;0;0
Calvi;42.56;8.75;12/08/2026;13:00;30.7;0;SOLEIL;3;0;0
Calvi;42.56;8.75;12/08/2026;14:00;31.7;0;SOLEIL;5;0;0
Calvi;42.56;8.75;12/08/2026;15:00;32.7;0;SOLEIL;5;0;0
Calvi;42.56;8.75;12/08/2026;16:00;31.7;0;SOLEIL;5;0;0
Calvi;42.56;8.75;12/08/2026;17:00;29;0;SOLEIL;2;0;0
Calvi;42.56;8.75;12/08/2026;18:00;29;0;SOLEIL;2;0;0
Calvi;42.56;8.75;12/08/2026;19:00;29;0;SOLEIL;2;0;0
Calvi;42.56;8.75;12/08/2026;20:00;27.8;0;SOLEIL;5;0;0
Calvi;42.56;8.75;12/08/2026;21:00;26.8;0;SOLEIL;5;0;0
Calvi;42.56;8.75;12/08/2026;22:00;25.9;0;SOLEIL;5;0;0
Calvi;42.56;8.75;12/08/2026;23:00;25.4;0;SOLEIL;1;0;0
Cervione;42.33;9.49;08/08/2026;00:00;24.1;0;SOLEIL;1;0;0
Cervione;42.33;9.49;08/08/2026;01:00;24.1;0;SOLEIL;1;0;0
Cervione;42.33;9.49;08/08/2026;02:00;21.6;0;SOLEIL;3;0;0
Cervione;42.33;9.49;08/08/2026;03:00;21.6;0;SOLEIL;3;0;0
Cervione;42.33;9.49;08/08/2026;04:00;21.6;0;SOLEIL;3;0;0
Cervione;42.33;9.49;08/08/2026;05:00;25;0;SOLEIL;3;0;0
Cervione;42.33;9.49;08/08/2026;06:00;25;0;SOLEIL;3;0;0
Cervione;42.33;9.49;08/08/2026;07:00;25;0;SOLEIL;3;0;0
Cervione;42.33;9.49;08/08/2026;08:00;30.7;0;SOLEIL;2;0;0
Cervione;42.33;9.49;08/08/2026;09:00;30.7;0;SOLEIL;2;0;0
Cervione;42.33;9.49;08/08/2026;10:00;30.7;0;SOLEIL;2;0;0
Cervione;42.33;9.49;08/08/2026;11:00;29.9;0;SOLEIL;3;0;0
Cervione;42.33;9.49;08/08/2026;12:00;29.9;0;SOLEIL;3;0;0
Cervione;42.33;9.49;08/08/2026;13:00;29.9;0;SOLEIL;3;0;0
Cervione;42.33;9.49;08/08/2026;14:00;28.4;0;SOLEIL;2;0;0
Cervione;42.33;9.49;08/08/2026;15:00;28.4;0;SOLEIL;2;0;0
Cervione;42.33;9.49;08/08/2026;16:00;28.4;0;SOLEIL;2;0;0
Cervione;42.33;9.49;08/08/2026;17:00;26.1;0;SOLEIL;1;0;0
Cervione;42.33;9.49;08/08/2026;18:00;26.1;0;SOLEIL;1;0;0
Cervione;42.33;9.49;08/08/2026;19:00;26.1;0;SOLEIL;1;0;0
Cervione;42.33;9.49;08/08/2026;20:00;24.6;0;SOLEIL;0;0;0
Cervione;42.33;9.49;08/08/2026;21:00;24.6;0;SOLEIL;0;0;0
Cervione;42.33;9.49;08/08/2026;22:00;24.6;0;SOLEIL;0;0;0
Cervione;42.33;9.49;08/08/2026;23:00;23.9;0;SOLEIL;1;0;0
Cervione;42.33;9.49;09/08/2026;00:00;23.9;0;SOLEIL;1;0;0
Cervione;42.33;9.49;09/08/2026;01:00;23.9;0;SOLEIL;1;0;0
Cervione;42.33;9.49;09/08/2026;02:00;24;0;SOLEIL;2;0;0
Cervione;42.33;9.49;09/08/2026;03:00;24;0;SOLEIL;2;0;0
Cervione;42.33;9.49;09/08/2026;04:00;24;0;SOLEIL;2;0;0
Cervione;42.33;9.49;09/08/2026;05:00;26.1;0;SOLEIL;1;0;0
Cervione;42.33;9.49;09/08/2026;06:00;26.1;0;SOLEIL;1;0;0
Cervione;42.33;9.49;09/08/2026;07:00;26.1;0;SOLEIL;1;0;0
Cervione;42.33;9.49;09/08/2026;08:00;30.6;0;SOLEIL;2;0;0
Cervione;42.33;9.49;09/08/2026;09:00;30.6;0;SOLEIL;2;0;0
Cervione;42.33;9.49;09/08/2026;10:00;30.6;0;SOLEIL;2;0;0
Cervione;42.33;9.49;09/08/2026;11:00;31.6;0;SOLEIL;3;0;0
Cervione;42.33;9.49;09/08/2026;12:00;31.6;0;SOLEIL;3;0;0
Cervione;42.33;9.49;09/08/2026;13:00;31.6;0;SOLEIL;3;0;0
Cervione;42.33;9.49;09/08/2026;14:00;30;0;SOLEIL;3;0;0
Cervione;42.33;9.49;09/08/2026;15:00;30;0;SOLEIL;3;0;0
Cervione;42.33;9.49;09/08/2026;16:00;30;0;SOLEIL;3;0;0
Cervione;42.33;9.49;09/08/2026;17:00;26.5;0;SOLEIL;2;0;0
Cervione;42.33;9.49;09/08/2026;18:00;26.5;0;SOLEIL;2;0;0
Cervione;42.33;9.49;09/08/2026;19:00;26.5;0;SOLEIL;2;0;0
Cervione;42.33;9.49;09/08/2026;20:00;25.1;0;SOLEIL;5;0;0
Cervione;42.33;9.49;09/08/2026;21:00;24.0;0;SOLEIL;5;0;0
Cervione;42.33;9.49;09/08/2026;22:00;22.8;0;SOLEIL;5;0;0
Cervione;42.33;9.49;09/08/2026;23:00;24.1;0;SOLEIL;0;0;0
Cervione;42.33;9.49;10/08/2026;00:00;24.1;0;SOLEIL;0;0;0
Cervione;42.33;9.49;10/08/2026;01:00;24.1;0;SOLEIL;0;0;0
Cervione;42.33;9.49;10/08/2026;02:00;23.6;0;SOLEIL;5;0;0
Cervione;42.33;9.49;10/08/2026;03:00;23.6;0;SOLEIL;5;0;0
Cervione;42.33;9.49;10/08/2026;04:00;23.6;0;SOLEIL;5;0;0
Cervione;42.33;9.49;10/08/2026;05:00;26.1;0;SOLEIL;1;0;0
Cervione;42.33;9.49;10/08/2026;06:00;26.1;0;SOLEIL;1;0;0
Cervione;42.33;9.49;10/08/2026;07:00;26.1;0;SOLEIL;1;0;0
Cervione;42.33;9.49;10/08/2026;08:00;25.4;0;SOLEIL;5;0;0
Cervione;42.33;9.49;10/08/2026;09:00;26.3;0;SOLEIL;5;0;0
Cervione;42.33;9.49;10/08/2026;10:00;27.2;0;SOLEIL;5;0;0
Cervione;42.33;9.49;10/08/2026;11:00;31.1;0;SOLEIL;2;0;0
Cervione;42.33;9.49;10/08/2026;12:00;31.1;0;SOLEIL;2;0;0
Cervione;42.33;9.49;10/08/2026;13:00;31.1;0;SOLEIL;2;0;0
Cervione;42.33;9.49;10/08/2026;14:00;30.8;0;SOLEIL;5;0;0
Cervione;42.33;9.49;10/08/2026;15:00;31.7;0;SOLEIL;5;0;0
Cervione;42.33;9.49;10/08/2026;16:00;30.8;0;SOLEIL;5;0;0
Cervione;42.33;9.49;10/08/2026;17:00;26.1;6;AVERSES;1;0;0
Cervione;42.33;9.49;10/08/2026;18:00;26.1;6;AVERSES;1;0;0
Cervione;42.33;9.49;10/08/2026;19:00;26.1;6;AVERSES;1;0;0
Cervione;42.33;9.49;10/08/2026;20:00;27.2;0;SOLEIL;5;0;0
Cervione;42.33;9.49;10/08/2026;21:00;26.3;0;SOLEIL;5;0;0
Cervione;42.33;9.49;10/08/2026;22:00;25.4;0;SOLEIL;5;0;0
Cervione;42.33;9.49;10/08/2026;23:00;23.5;0;SOLEIL;1;0;0
Cervione;42.33;9.49;11/08/2026;00:00;23.5;0;SOLEIL;1;0;0
Cervione;42.33;9.49;11/08/2026;01:00;23.5;0;SOLEIL;1;0;0
Cervione;42.33;9.49;11/08/2026;02:00;22.7;0;SOLEIL;5;0;0
Cervione;42.33;9.49;11/08/2026;03:00;22.7;0;SOLEIL;5;0;0
Cervione;42.33;9.49;11/08/2026;04:00;22.7;0;SOLEIL;5;0;0
Cervione;42.33;9.49;11/08/2026;05:00;26;0;SOLEIL;1;0;0
Cervione;42.33;9.49;11/08/2026;06:00;26;0;SOLEIL;1;0;0
Cervione;42.33;9.49;11/08/2026;07:00;26;0;SOLEIL;1;0;0
Cervione;42.33;9.49;11/08/2026;08:00;24.8;0;SOLEIL;5;0;0
Cervione;42.33;9.49;11/08/2026;09:00;25.8;0;SOLEIL;5;0;0
Cervione;42.33;9.49;11/08/2026;10:00;26.9;0;SOLEIL;5;0;0
Cervione;42.33;9.49;11/08/2026;11:00;31.2;0;SOLEIL;2;0;0
Cervione;42.33;9.49;11/08/2026;12:00;31.2;0;SOLEIL;2;0;0
Cervione;42.33;9.49;11/08/2026;13:00;31.2;0;SOLEIL;2;0;0
Cervione;42.33;9.49;11/08/2026;14:00;31.1;0;SOLEIL;5;0;0
Cervione;42.33;9.49;11/08/2026;15:00;32.1;0;SOLEIL;5;0;0
Cervione;42.33;9.49;11/08/2026;16:00;31.1;0;SOLEIL;5;0;0
Cervione;42.33;9.49;11/08/2026;17:00;26.1;6;AVERSES;1;0;0
Cervione;42.33;9.49;11/08/2026;18:00;26.1;6;AVERSES;1;0;0
Cervione;42.33;9.49;11/08/2026;19:00;26.1;6;AVERSES;1;0;0
Cervione;42.33;9.49;11/08/2026;20:00;26.9;0;SOLEIL;5;0;0
Cervione;42.33;9.49;11/08/2026;21:00;25.8;0;SOLEIL;5;0;0
Cervione;42.33;9.49;11/08/2026;22:00;24.8;0;SOLEIL;5;0;0
Cervione;42.33;9.49;11/08/2026;23:00;23.4;0;SOLEIL;1;0;0
Cervione;42.33;9.49;12/08/2026;00:00;23.4;0;SOLEIL;1;0;0
Cervione;42.33;9.49;12/08/2026;01:00;23.4;0;SOLEIL;1;0;0
Cervione;42.33;9.49;12/08/2026;02:00;22.7;0;SOLEIL;5;0;0
Cervione;42.33;9.49;12/08/2026;03:00;22.7;0;SOLEIL;5;0;0
Cervione;42.33;9.49;12/08/2026;04:00;22.7;0;SOLEIL;5;0;0
Cervione;42.33;9.49;12/08/2026;05:00;26.1;0;SOLEIL;1;0;0
Cervione;42.33;9.49;12/08/2026;06:00;26.1;0;SOLEIL;1;0;0
Cervione;42.33;9.49;12/08/2026;07:00;26.1;0;SOLEIL;1;0;0
Cervione;42.33;9.49;12/08/2026;08:00;24.8;0;SOLEIL;5;0;0
Cervione;42.33;9.49;12/08/2026;09:00;25.8;0;SOLEIL;5;0;0
Cervione;42.33;9.49;12/08/2026;10:00;26.8;0;SOLEIL;5;0;0
Cervione;42.33;9.49;12/08/2026;11:00;32.2;0;SOLEIL;3;0;0
Cervione;42.33;9.49;12/08/2026;12:00;32.2;0;SOLEIL;3;0;0
Cervione;42.33;9.49;12/08/2026;13:00;32.2;0;SOLEIL;3;0;0
Cervione;42.33;9.49;12/08/2026;14:00;31.0;0;SOLEIL;5;0;0
Cervione;42.33;9.49;12/08/2026;15:00;32.0;0;SOLEIL;5;0;0
Cervione;42.33;9.49;12/08/2026;16:00;31.0;0;SOLEIL;5;0;0
Cervione;42.33;9.49;12/08/2026;17:00;26.6;0;SOLEIL;0;0;0
Cervione;42.33;9.49;12/08/2026;18:00;26.6;0;SOLEIL;0;0;0
Cervione;42.33;9.49;12/08/2026;19:00;26.6;0;SOLEIL;0;0;0
Cervione;42.33;9.49;12/08/2026;20:00;26.8;0;SOLEIL;5;0;0
Cervione;42.33;9.49;12/08/2026;21:00;25.8;0;SOLEIL;5;0;0
Cervione;42.33;9.49;12/08/2026;22:00;24.8;0;SOLEIL;5;0;0
Cervione;42.33;9.49;12/08/2026;23:00;23.7;0;SOLEIL;2;0;0
Corte;42.3;9.15;08/08/2026;00:00;19.5;0;SOLEIL;1;0;0
Corte;42.3;9.15;08/08/2026;01:00;19.5;0;SOLEIL;1;0;0
Corte;42.3;9.15;08/08/2026;02:00;19.6;0;SOLEIL;1;0;0
Corte;42.3;9.15;08/08/2026;03:00;19.6;0;SOLEIL;1;0;0
Corte;42.3;9.15;08/08/2026;04:00;19.6;0;SOLEIL;1;0;0
Corte;42.3;9.15;08/08/2026;05:00;21.9;0;SOLEIL;1;0;0
Corte;42.3;9.15;08/08/2026;06:00;21.9;0;SOLEIL;1;0;0
Corte;42.3;9.15;08/08/2026;07:00;21.9;0;SOLEIL;1;0;0
Corte;42.3;9.15;08/08/2026;08:00;30.9;0;SOLEIL;2;0;0
Corte;42.3;9.15;08/08/2026;09:00;30.9;0;SOLEIL;2;0;0
Corte;42.3;9.15;08/08/2026;10:00;30.9;0;SOLEIL;2;0;0
Corte;42.3;9.15;08/08/2026;11:00;33.7;0;SOLEIL;5;0;0
Corte;42.3;9.15;08/08/2026;12:00;33.7;0;SOLEIL;5;0;0
Corte;42.3;9.15;08/08/2026;13:00;33.7;0;SOLEIL;5;0;0
Corte;42.3;9.15;08/08/2026;14:00;30.2;10;ORAGEUX;3;0;0
Corte;42.3;9.15;08/08/2026;15:00;30.2;10;ORAGEUX;3;0;0
Corte;42.3;9.15;08/08/2026;16:00;30.2;10;ORAGEUX;3;0;0
Corte;42.3;9.15;08/08/2026;17:00;27.4;10;ORAGEUX;2;0;0
Corte;42.3;9.15;08/08/2026;18:00;27.4;10;ORAGEUX;2;0;0
Corte;42.3;9.15;08/08/2026;19:00;27.4;10;ORAGEUX;2;0;0
Corte;42.3;9.15;08/08/2026;20:00;22.6;0;SOLEIL;1;0;0
Corte;42.3;9.15;08/08/2026;21:00;22.6;0;SOLEIL;1;0;0
Corte;42.3;9.15;08/08/2026;22:00;22.6;0;SOLEIL;1;0;0
Corte;42.3;9.15;08/08/2026;23:00;20.2;0;SOLEIL;1;0;0
Corte;42.3;9.15;09/08/2026;00:00;20.2;0;SOLEIL;1;0;0
Corte;42.3;9.15;09/08/2026;01:00;20.2;0;SOLEIL;1;0;0
Corte;42.3;9.15;09/08/2026;02:00;18.7;0;SOLEIL;1;0;0
Corte;42.3;9.15;09/08/2026;03:00;18.7;0;SOLEIL;1;0;0
Corte;42.3;9.15;09/08/2026;04:00;18.7;0;SOLEIL;1;0;0
Corte;42.3;9.15;09/08/2026;05:00;21.4;0;SOLEIL;1;0;0
Corte;42.3;9.15;09/08/2026;06:00;21.4;0;SOLEIL;1;0;0
Corte;42.3;9.15;09/08/2026;07:00;21.4;0;SOLEIL;1;0;0
Corte;42.3;9.15;09/08/2026;08:00;32;0;SOLEIL;2;0;0
Corte;42.3;9.15;09/08/2026;09:00;32;0;SOLEIL;2;0;0
Corte;42.3;9.15;09/08/2026;10:00;32;0;SOLEIL;2;0;0
Corte;42.3;9.15;09/08/2026;11:00;33.7;0;SOLEIL;4;0;0
Corte;42.3;9.15;09/08/2026;12:00;33.7;0;SOLEIL;4;0;0
Corte;42.3;9.15;09/08/2026;13:00;33.7;0;SOLEIL;4;0;0
Corte;42.3;9.15;09/08/2026;14:00;32.1;10;ORAGEUX;4;0;0
Corte;42.3;9.15;09/08/2026;15:00;32.1;10;ORAGEUX;4;0;0
Corte;42.3;9.15;09/08/2026;16:00;32.1;10;ORAGEUX;4;0;0
Corte;42.3;9.15;09/08/2026;17:00;28.1;10;ORAGEUX;2;0;0
Corte;42.3;9.15;09/08/2026;18:00;28.1;10;ORAGEUX;2;0;0
Corte;42.3;9.15;09/08/2026;19:00;28.1;10;ORAGEUX;2;0;0
Corte;42.3;9.15;09/08/2026;20:00;25.3;10;ORAGEUX;5;0;0
Corte;42.3;9.15;09/08/2026;21:00;23.5;10;ORAGEUX;5;0;0
Corte;42.3;9.15;09/08/2026;22:00;21.7;10;ORAGEUX;5;0;0
Corte;42.3;9.15;09/08/2026;23:00;19.6;0;SOLEIL;1;0;0
Corte;42.3;9.15;10/08/2026;00:00;19.6;0;SOLEIL;1;0;0
Corte;42.3;9.15;10/08/2026;01:00;19.6;0;SOLEIL;1;0;0
Corte;42.3;9.15;10/08/2026;02:00;17.1;10;ORAGEUX;5;0;0
Corte;42.3;9.15;10/08/2026;03:00;17.1;10;ORAGEUX;5;0;0
Corte;42.3;9.15;10/08/2026;04:00;17.1;10;ORAGEUX;5;0;0
Corte;42.3;9.15;10/08/2026;05:00;23.1;0;SOLEIL;1;0;0
Corte;42.3;9.15;10/08/2026;06:00;23.1;0;SOLEIL;1;0;0
Corte;42.3;9.15;10/08/2026;07:00;23.1;0;SOLEIL;1;0;0
Corte;42.3;9.15;10/08/2026;08:00;21.0;10;ORAGEUX;5;0;0
Corte;42.3;9.15;10/08/2026;09:00;22.9;10;ORAGEUX;5;0;0
Corte;42.3;9.15;10/08/2026;10:00;24.9;10;ORAGEUX;5;0;0
Corte;42.3;9.15;10/08/2026;11:00;34.1;6;AVERSES;2;0;0
Corte;42.3;9.15;10/08/2026;12:00;34.1;6;AVERSES;2;0;0
Corte;42.3;9.15;10/08/2026;13:00;34.1;6;AVERSES;2;0;0
Corte;42.3;9.15;10/08/2026;14:00;32.7;10;ORAGEUX;5;0;0
Corte;42.3;9.15;10/08/2026;15:00;34.6;10;ORAGEUX;5;0;0
Corte;42.3;9.15;10/08/2026;16:00;32.7;10;ORAGEUX;5;0;0
Corte;42.3;9.15;10/08/2026;17:00;28.6;6;AVERSES;1;0;0
Corte;42.3;9.15;10/08/2026;18:00;28.6;6;AVERSES;1;0;0
Corte;42.3;9.15;10/08/2026;19:00;28.6;6;AVERSES;1;0;0
Corte;42.3;9.15;10/08/2026;20:00;24.9;10;ORAGEUX;5;0;0
Corte;42.3;9.15;10/08/2026;21:00;22.9;10;ORAGEUX;5;0;0
Corte;42.3;9.15;10/08/2026;22:00;21.0;10;ORAGEUX;5;0;0
Corte;42.3;9.15;10/08/2026;23:00;21.4;0;SOLEIL;1;0;0
Corte;42.3;9.15;11/08/2026;00:00;21.4;0;SOLEIL;1;0;0
Corte;42.3;9.15;11/08/2026;01:00;21.4;0;SOLEIL;1;0;0
Corte;42.3;9.15;11/08/2026;02:00;19.6;6;AVERSES;5;0;0
Corte;42.3;9.15;11/08/2026;03:00;19.6;6;AVERSES;5;0;0
Corte;42.3;9.15;11/08/2026;04:00;19.6;6;AVERSES;5;0;0
Corte;42.3;9.15;11/08/2026;05:00;22.7;0;SOLEIL;1;0;0
Corte;42.3;9.15;11/08/2026;06:00;22.7;0;SOLEIL;1;0;0
Corte;42.3;9.15;11/08/2026;07:00;22.7;0;SOLEIL;1;0;0
Corte;42.3;9.15;11/08/2026;08:00;23.0;6;AVERSES;5;0;0
Corte;42.3;9.15;11/08/2026;09:00;24.7;6;AVERSES;5;0;0
Corte;42.3;9.15;11/08/2026;10:00;26.4;6;AVERSES;5;0;0
Corte;42.3;9.15;11/08/2026;11:00;33.4;6;AVERSES;3;0;0
Corte;42.3;9.15;11/08/2026;12:00;33.4;6;AVERSES;3;0;0
Corte;42.3;9.15;11/08/2026;13:00;33.4;6;AVERSES;3;0;0
Corte;42.3;9.15;11/08/2026;14:00;33.3;6;AVERSES;5;0;0
Corte;42.3;9.15;11/08/2026;15:00;35.0;6;AVERSES;5;0;0
Corte;42.3;9.15;11/08/2026;16:00;33.3;6;AVERSES;5;0;0
Corte;42.3;9.15;11/08/2026;17:00;28;6;AVERSES;1;0;0
Corte;42.3;9.15;11/08/2026;18:00;28;6;AVERSES;1;0;0
Corte;42.3;9.15;11/08/2026;19:00;28;6;AVERSES;1;0;0
Corte;42.3;9.15;11/08/2026;20:00;26.4;6;AVERSES;5;0;0
Corte;42.3;9.15;11/08/2026;21:00;24.7;6;AVERSES;5;0;0
Corte;42.3;9.15;11/08/2026;22:00;23.0;6;AVERSES;5;0;0
Corte;42.3;9.15;11/08/2026;23:00;22.1;0;SOLEIL;1;0;0
Corte;42.3;9.15;12/08/2026;00:00;22.1;0;SOLEIL;1;0;0
Corte;42.3;9.15;12/08/2026;01:00;22.1;0;SOLEIL;1;0;0
Corte;42.3;9.15;12/08/2026;02:00;19.1;0;SOLEIL;5;0;0
Corte;42.3;9.15;12/08/2026;03:00;19.1;0;SOLEIL;5;0;0
Corte;42.3;9.15;12/08/2026;04:00;19.1;0;SOLEIL;5;0;0
Corte;42.3;9.15;12/08/2026;05:00;23;0;SOLEIL;1;0;0
Corte;42.3;9.15;12/08/2026;06:00;23;0;SOLEIL;1;0;0
Corte;42.3;9.15;12/08/2026;07:00;23;0;SOLEIL;1;0;0
Corte;42.3;9.15;12/08/2026;08:00;22.4;0;SOLEIL;5;0;0
Corte;42.3;9.15;12/08/2026;09:00;24.1;0;SOLEIL;5;0;0
Corte;42.3;9.15;12/08/2026;10:00;25.8;0;SOLEIL;5;0;0
Corte;42.3;9.15;12/08/2026;11:00;33.7;6;AVERSES;3;0;0
Corte;42.3;9.15;12/08/2026;12:00;33.7;6;AVERSES;3;0;0
Corte;42.3;9.15;12/08/2026;13:00;33.7;6;AVERSES;3;0;0
Corte;42.3;9.15;12/08/2026;14:00;32.4;0;SOLEIL;5;0;0
Corte;42.3;9.15;12/08/2026;15:00;34.1;0;SOLEIL;5;0;0
Corte;42.3;9.15;12/08/2026;16:00;32.4;0;SOLEIL;5;0;0
Corte;42.3;9.15;12/08/2026;17:00;28.5;6;AVERSES;0;0;0
Corte;42.3;9.15;12/08/2026;18:00;28.5;6;AVERSES;0;0;0
Corte;42.3;9.15;12/08/2026;19:00;28.5;6;AVERSES;0;0;0
Corte;42.3;9.15;12/08/2026;20:00;25.8;0;SOLEIL;5;0;0
Corte;42.3;9.15;12/08/2026;21:00;24.1;0;SOLEIL;5;0;0
Corte;42.3;9.15;12/08/2026;22:00;22.4;0;SOLEIL;5;0;0
Corte;42.3;9.15;12/08/2026;23:00;21.7;0;SOLEIL;1;0;0
Pietralba;42.54;9.18;08/08/2026;00:00;23.2;0;SOLEIL;0;0;0
Pietralba;42.54;9.18;08/08/2026;01:00;23.2;0;SOLEIL;0;0;0
Pietralba;42.54;9.18;08/08/2026;02:00;21.6;0;SOLEIL;1;0;0
Pietralba;42.54;9.18;08/08/2026;03:00;21.6;0;SOLEIL;1;0;0
Pietralba;42.54;9.18;08/08/2026;04:00;21.6;0;SOLEIL;1;0;0
Pietralba;42.54;9.18;08/08/2026;05:00;22.1;0;SOLEIL;0;0;0
Pietralba;42.54;9.18;08/08/2026;06:00;22.1;0;SOLEIL;0;0;0
Pietralba;42.54;9.18;08/08/2026;07:00;22.1;0;SOLEIL;0;0;0
Pietralba;42.54;9.18;08/08/2026;08:00;29.1;0;SOLEIL;2;0;0
Pietralba;42.54;9.18;08/08/2026;09:00;29.1;0;SOLEIL;2;0;0
Pietralba;42.54;9.18;08/08/2026;10:00;29.1;0;SOLEIL;2;0;0
Pietralba;42.54;9.18;08/08/2026;11:00;30.1;0;SOLEIL;4;0;0
Pietralba;42.54;9.18;08/08/2026;12:00;30.1;0;SOLEIL;4;0;0
Pietralba;42.54;9.18;08/08/2026;13:00;30.1;0;SOLEIL;4;0;0
Pietralba;42.54;9.18;08/08/2026;14:00;28.9;0;SOLEIL;2;0;0
Pietralba;42.54;9.18;08/08/2026;15:00;28.9;0;SOLEIL;2;0;0
Pietralba;42.54;9.18;08/08/2026;16:00;28.9;0;SOLEIL;2;0;0
Pietralba;42.54;9.18;08/08/2026;17:00;25.6;0;SOLEIL;1;0;0
Pietralba;42.54;9.18;08/08/2026;18:00;25.6;0;SOLEIL;1;0;0
Pietralba;42.54;9.18;08/08/2026;19:00;25.6;0;SOLEIL;1;0;0
Pietralba;42.54;9.18;08/08/2026;20:00;24.2;0;SOLEIL;0;0;0
Pietralba;42.54;9.18;08/08/2026;21:00;24.2;0;SOLEIL;0;0;0
Pietralba;42.54;9.18;08/08/2026;22:00;24.2;0;SOLEIL;0;0;0
Pietralba;42.54;9.18;08/08/2026;23:00;22.7;0;SOLEIL;0;0;0
Pietralba;42.54;9.18;09/08/2026;00:00;22.7;0;SOLEIL;0;0;0
Pietralba;42.54;9.18;09/08/2026;01:00;22.7;0;SOLEIL;0;0;0
Pietralba;42.54;9.18;09/08/2026;02:00;22.2;0;SOLEIL;1;0;0
Pietralba;42.54;9.18;09/08/2026;03:00;22.2;0;SOLEIL;1;0;0
Pietralba;42.54;9.18;09/08/2026;04:00;22.2;0;SOLEIL;1;0;0
Pietralba;42.54;9.18;09/08/2026;05:00;22.7;0;SOLEIL;1;0;0
Pietralba;42.54;9.18;09/08/2026;06:00;22.7;0;SOLEIL;1;0;0
Pietralba;42.54;9.18;09/08/2026;07:00;22.7;0;SOLEIL;1;0;0
Pietralba;42.54;9.18;09/08/2026;08:00;30.1;0;SOLEIL;2;0;0
Pietralba;42.54;9.18;09/08/2026;09:00;30.1;0;SOLEIL;2;0;0
Pietralba;42.54;9.18;09/08/2026;10:00;30.1;0;SOLEIL;2;0;0
Pietralba;42.54;9.18;09/08/2026;11:00;30.6;0;SOLEIL;4;0;0
Pietralba;42.54;9.18;09/08/2026;12:00;30.6;0;SOLEIL;4;0;0
Pietralba;42.54;9.18;09/08/2026;13:00;30.6;0;SOLEIL;4;0;0
Pietralba;42.54;9.18;09/08/2026;14:00;29.7;0;SOLEIL;3;0;0
Pietralba;42.54;9.18;09/08/2026;15:00;29.7;0;SOLEIL;3;0;0
Pietralba;42.54;9.18;09/08/2026;16:00;29.7;0;SOLEIL;3;0;0
Pietralba;42.54;9.18;09/08/2026;17:00;27.9;0;SOLEIL;2;0;0
Pietralba;42.54;9.18;09/08/2026;18:00;27.9;0;SOLEIL;2;0;0
Pietralba;42.54;9.18;09/08/2026;19:00;27.9;0;SOLEIL;2;0;0
Pietralba;42.54;9.18;09/08/2026;20:00;25.0;0;SOLEIL;5;0;0
Pietralba;42.54;9.18;09/08/2026;21:00;23.9;0;SOLEIL;5;0;0
Pietralba;42.54;9.18;09/08/2026;22:00;22.7;0;SOLEIL;5;0;0
Pietralba;42.54;9.18;09/08/2026;23:00;23;0;SOLEIL;1;0;0
Pietralba;42.54;9.18;10/08/2026;00:00;23;0;SOLEIL;1;0;0
Pietralba;42.54;9.18;10/08/2026;01:00;23;0;SOLEIL;1;0;0
Pietralba;42.54;9.18;10/08/2026;02:00;20.9;0;SOLEIL;5;0;0
Pietralba;42.54;9.18;10/08/2026;03:00;20.9;0;SOLEIL;5;0;0
Pietralba;42.54;9.18;10/08/2026;04:00;20.9;0;SOLEIL;5;0;0
Pietralba;42.54;9.18;10/08/2026;05:00;23;0;SOLEIL;0;0;0
Pietralba;42.54;9.18;10/08/2026;06:00;23;0;SOLEIL;0;0;0
Pietralba;42.54;9.18;10/08/2026;07:00;23;0;SOLEIL;0;0;0
Pietralba;42.54;9.18;10/08/2026;08:00;23.3;0;SOLEIL;5;0;0
Pietralba;42.54;9.18;10/08/2026;09:00;24.5;0;SOLEIL;5;0;0
Pietralba;42.54;9.18;10/08/2026;10:00;25.7;0;SOLEIL;5;0;0
Pietralba;42.54;9.18;10/08/2026;11:00;30.6;6;AVERSES;3;0;0
Pietralba;42.54;9.18;10/08/2026;12:00;30.6;6;AVERSES;3;0;0
Pietralba;42.54;9.18;10/08/2026;13:00;30.6;6;AVERSES;3;0;0
Pietralba;42.54;9.18;10/08/2026;14:00;30.5;0;SOLEIL;5;0;0
Pietralba;42.54;9.18;10/08/2026;15:00;31.7;0;SOLEIL;5;0;0
Pietralba;42.54;9.18;10/08/2026;16:00;30.5;0;SOLEIL;5;0;0
Pietralba;42.54;9.18;10/08/2026;17:00;26.1;6;AVERSES;1;0;0
Pietralba;42.54;9.18;10/08/2026;18:00;26.1;6;AVERSES;1;0;0
Pietralba;42.54;9.18;10/08/2026;19:00;26.1;6;AVERSES;1;0;0
Pietralba;42.54;9.18;10/08/2026;20:00;25.7;0;SOLEIL;5;0;0
Pietralba;42.54;9.18;10/08/2026;21:00;24.5;0;SOLEIL;5;0;0
Pietralba;42.54;9.18;10/08/2026;22:00;23.3;0;SOLEIL;5;0;0
Pietralba;42.54;9.18;10/08/2026;23:00;23.4;0;SOLEIL;0;0;0
Pietralba;42.54;9.18;11/08/2026;00:00;23.4;0;SOLEIL;0;0;0
Pietralba;42.54;9.18;11/08/2026;01:00;23.4;0;SOLEIL;0;0;0
Pietralba;42.54;9.18;11/08/2026;02:00;21.6;6;AVERSES;5;0;0
Pietralba;42.54;9.18;11/08/2026;03:00;21.6;6;AVERSES;5;0;0
Pietralba;42.54;9.18;11/08/2026;04:00;21.6;6;AVERSES;5;0;0
Pietralba;42.54;9.18;11/08/2026;05:00;23.2;0;SOLEIL;1;0;0
Pietralba;42.54;9.18;11/08/2026;06:00;23.2;0;SOLEIL;1;0;0
Pietralba;42.54;9.18;11/08/2026;07:00;23.2;0;SOLEIL;1;0;0
Pietralba;42.54;9.18;11/08/2026;08:00;23.8;6;AVERSES;5;0;0
Pietralba;42.54;9.18;11/08/2026;09:00;24.9;6;AVERSES;5;0;0
Pietralba;42.54;9.18;11/08/2026;10:00;26.0;6;AVERSES;5;0;0
Pietralba;42.54;9.18;11/08/2026;11:00;30;6;AVERSES;3;0;0
Pietralba;42.54;9.18;11/08/2026;12:00;30;6;AVERSES;3;0;0
Pietralba;42.54;9.18;11/08/2026;13:00;30;6;AVERSES;3;0;0
Pietralba;42.54;9.18;11/08/2026;14:00;30.5;6;AVERSES;5;0;0
Pietralba;42.54;9.18;11/08/2026;15:00;31.6;6;AVERSES;5;0;0
Pietralba;42.54;9.18;11/08/2026;16:00;30.5;6;AVERSES;5;0;0
Pietralba;42.54;9.18;11/08/2026;17:00;26.4;6;AVERSES;1;0;0
Pietralba;42.54;9.18;11/08/2026;18:00;26.4;6;AVERSES;1;0;0
Pietralba;42.54;9.18;11/08/2026;19:00;26.4;6;AVERSES;1;0;0
Pietralba;42.54;9.18;11/08/2026;20:00;26.0;6;AVERSES;5;0;0
Pietralba;42.54;9.18;11/08/2026;21:00;24.9;6;AVERSES;5;0;0
Pietralba;42.54;9.18;11/08/2026;22:00;23.8;6;AVERSES;5;0;0
Pietralba;42.54;9.18;11/08/2026;23:00;23.4;0;SOLEIL;0;0;0
Pietralba;42.54;9.18;12/08/2026;00:00;23.4;0;SOLEIL;0;0;0
Pietralba;42.54;9.18;12/08/2026;01:00;23.4;0;SOLEIL;0;0;0
Pietralba;42.54;9.18;12/08/2026;02:00;21.9;6;AVERSES;5;0;0
Pietralba;42.54;9.18;12/08/2026;03:00;21.9;6;AVERSES;5;0;0
Pietralba;42.54;9.18;12/08/2026;04:00;21.9;6;AVERSES;5;0;0
Pietralba;42.54;9.18;12/08/2026;05:00;23.4;0;SOLEIL;1;0;0
Pietralba;42.54;9.18;12/08/2026;06:00;23.4;0;SOLEIL;1;0;0
Pietralba;42.54;9.18;12/08/2026;07:00;23.4;0;SOLEIL;1;0;0
Pietralba;42.54;9.18;12/08/2026;08:00;24.0;6;AVERSES;5;0;0
Pietralba;42.54;9.18;12/08/2026;09:00;25.1;6;AVERSES;5;0;0
Pietralba;42.54;9.18;12/08/2026;10:00;26.2;6;AVERSES;5;0;0
Pietralba;42.54;9.18;12/08/2026;11:00;30.6;6;AVERSES;3;0;0
Pietralba;42.54;9.18;12/08/2026;12:00;30.6;6;AVERSES;3;0;0
Pietralba;42.54;9.18;12/08/2026;13:00;30.6;6;AVERSES;3;0;0
Pietralba;42.54;9.18;12/08/2026;14:00;30.4;6;AVERSES;5;0;0
Pietralba;42.54;9.18;12/08/2026;15:00;31.5;6;AVERSES;5;0;0
Pietralba;42.54;9.18;12/08/2026;16:00;30.4;6;AVERSES;5;0;0
Pietralba;42.54;9.18;12/08/2026;17:00;26.7;6;AVERSES;1;0;0
Pietralba;42.54;9.18;12/08/2026;18:00;26.7;6;AVERSES;1;0;0
Pietralba;42.54;9.18;12/08/2026;19:00;26.7;6;AVERSES;1;0;0
Pietralba;42.54;9.18;12/08/2026;20:00;26.2;6;AVERSES;5;0;0
Pietralba;42.54;9.18;12/08/2026;21:00;25.1;6;AVERSES;5;0;0
Pietralba;42.54;9.18;12/08/2026;22:00;24.0;6;AVERSES;5;0;0
Pietralba;42.54;9.18;12/08/2026;23:00;24;0;SOLEIL;0;0;0
Prunelli-di-Fiumorbo;42.01;9.32;08/08/2026;00:00;20.9;0;SOLEIL;1;0;0
Prunelli-di-Fiumorbo;42.01;9.32;08/08/2026;01:00;20.9;0;SOLEIL;1;0;0
Prunelli-di-Fiumorbo;42.01;9.32;08/08/2026;02:00;21;0;SOLEIL;3;0;0
Prunelli-di-Fiumorbo;42.01;9.32;08/08/2026;03:00;21;0;SOLEIL;3;0;0
Prunelli-di-Fiumorbo;42.01;9.32;08/08/2026;04:00;21;0;SOLEIL;3;0;0
Prunelli-di-Fiumorbo;42.01;9.32;08/08/2026;05:00;24.1;0;SOLEIL;1;0;0
Prunelli-di-Fiumorbo;42.01;9.32;08/08/2026;06:00;24.1;0;SOLEIL;1;0;0
Prunelli-di-Fiumorbo;42.01;9.32;08/08/2026;07:00;24.1;0;SOLEIL;1;0;0
Prunelli-di-Fiumorbo;42.01;9.32;08/08/2026;08:00;29.5;0;SOLEIL;2;0;0
Prunelli-di-Fiumorbo;42.01;9.32;08/08/2026;09:00;29.5;0;SOLEIL;2;0;0
Prunelli-di-Fiumorbo;42.01;9.32;08/08/2026;10:00;29.5;0;SOLEIL;2;0;0
Prunelli-di-Fiumorbo;42.01;9.32;08/08/2026;11:00;30.1;0;SOLEIL;2;0;0
Prunelli-di-Fiumorbo;42.01;9.32;08/08/2026;12:00;30.1;0;SOLEIL;2;0;0
Prunelli-di-Fiumorbo;42.01;9.32;08/08/2026;13:00;30.1;0;SOLEIL;2;0;0
Prunelli-di-Fiumorbo;42.01;9.32;08/08/2026;14:00;29.1;6;AVERSES;2;0;0
Prunelli-di-Fiumorbo;42.01;9.32;08/08/2026;15:00;29.1;6;AVERSES;2;0;0
Prunelli-di-Fiumorbo;42.01;9.32;08/08/2026;16:00;29.1;6;AVERSES;2;0;0
Prunelli-di-Fiumorbo;42.01;9.32;08/08/2026;17:00;27;6;AVERSES;1;0;0
Prunelli-di-Fiumorbo;42.01;9.32;08/08/2026;18:00;27;6;AVERSES;1;0;0
Prunelli-di-Fiumorbo;42.01;9.32;08/08/2026;19:00;27;6;AVERSES;1;0;0
Prunelli-di-Fiumorbo;42.01;9.32;08/08/2026;20:00;25.1;0;SOLEIL;0;0;0
Prunelli-di-Fiumorbo;42.01;9.32;08/08/2026;21:00;25.1;0;SOLEIL;0;0;0
Prunelli-di-Fiumorbo;42.01;9.32;08/08/2026;22:00;25.1;0;SOLEIL;0;0;0
Prunelli-di-Fiumorbo;42.01;9.32;08/08/2026;23:00;24.1;0;SOLEIL;2;0;0
Prunelli-di-Fiumorbo;42.01;9.32;09/08/2026;00:00;24.1;0;SOLEIL;2;0;0
Prunelli-di-Fiumorbo;42.01;9.32;09/08/2026;01:00;24.1;0;SOLEIL;2;0;0
Prunelli-di-Fiumorbo;42.01;9.32;09/08/2026;02:00;21.6;0;SOLEIL;3;0;0
Prunelli-di-Fiumorbo;42.01;9.32;09/08/2026;03:00;21.6;0;SOLEIL;3;0;0
Prunelli-di-Fiumorbo;42.01;9.32;09/08/2026;04:00;21.6;0;SOLEIL;3;0;0
Prunelli-di-Fiumorbo;42.01;9.32;09/08/2026;05:00;23.6;0;SOLEIL;3;0;0
Prunelli-di-Fiumorbo;42.01;9.32;09/08/2026;06:00;23.6;0;SOLEIL;3;0;0
Prunelli-di-Fiumorbo;42.01;9.32;09/08/2026;07:00;23.6;0;SOLEIL;3;0;0
Prunelli-di-Fiumorbo;42.01;9.32;09/08/2026;08:00;30.4;0;SOLEIL;2;0;0
Prunelli-di-Fiumorbo;42.01;9.32;09/08/2026;09:00;30.4;0;SOLEIL;2;0;0
Prunelli-di-Fiumorbo;42.01;9.32;09/08/2026;10:00;30.4;0;SOLEIL;2;0;0
Prunelli-di-Fiumorbo;42.01;9.32;09/08/2026;11:00;31;0;SOLEIL;2;0;0
Prunelli-di-Fiumorbo;42.01;9.32;09/08/2026;12:00;31;0;SOLEIL;2;0;0
Prunelli-di-Fiumorbo;42.01;9.32;09/08/2026;13:00;31;0;SOLEIL;2;0;0
Prunelli-di-Fiumorbo;42.01;9.32;09/08/2026;14:00;31;10;ORAGEUX;2;0;0
Prunelli-di-Fiumorbo;42.01;9.32;09/08/2026;15:00;31;10;ORAGEUX;2;0;0
Prunelli-di-Fiumorbo;42.01;9.32;09/08/2026;16:00;31;10;ORAGEUX;2;0;0
Prunelli-di-Fiumorbo;42.01;9.32;09/08/2026;17:00;27.6;0;SOLEIL;1;0;0
Prunelli-di-Fiumorbo;42.01;9.32;09/08/2026;18:00;27.6;0;SOLEIL;1;0;0
Prunelli-di-Fiumorbo;42.01;9.32;09/08/2026;19:00;27.6;0;SOLEIL;1;0;0
Prunelli-di-Fiumorbo;42.01;9.32;09/08/2026;20:00;25.4;6;AVERSES;5;0;0
Prunelli-di-Fiumorbo;42.01;9.32;09/08/2026;21:00;24.2;6;AVERSES;5;0;0
Prunelli-di-Fiumorbo;42.01;9.32;09/08/2026;22:00;23.0;6;AVERSES;5;0;0
Prunelli-di-Fiumorbo;42.01;9.32;09/08/2026;23:00;23.9;0;SOLEIL;3;0;0
Prunelli-di-Fiumorbo;42.01;9.32;10/08/2026;00:00;23.9;0;SOLEIL;3;0;0
Prunelli-di-Fiumorbo;42.01;9.32;10/08/2026;01:00;23.9;0;SOLEIL;3;0;0
Prunelli-di-Fiumorbo;42.01;9.32;10/08/2026;02:00;20.7;10;ORAGEUX;5;0;0
Prunelli-di-Fiumorbo;42.01;9.32;10/08/2026;03:00;20.7;10;ORAGEUX;5;0;0
Prunelli-di-Fiumorbo;42.01;9.32;10/08/2026;04:00;20.7;10;ORAGEUX;5;0;0
Prunelli-di-Fiumorbo;42.01;9.32;10/08/2026;05:00;24.2;0;SOLEIL;0;0;0
Prunelli-di-Fiumorbo;42.01;9.32;10/08/2026;06:00;24.2;0;SOLEIL;0;0;0
Prunelli-di-Fiumorbo;42.01;9.32;10/08/2026;07:00;24.2;0;SOLEIL;0;0;0
Prunelli-di-Fiumorbo;42.01;9.32;10/08/2026;08:00;23.2;10;ORAGEUX;5;0;0
Prunelli-di-Fiumorbo;42.01;9.32;10/08/2026;09:00;24.5;10;ORAGEUX;5;0;0
Prunelli-di-Fiumorbo;42.01;9.32;10/08/2026;10:00;25.7;10;ORAGEUX;5;0;0
Prunelli-di-Fiumorbo;42.01;9.32;10/08/2026;11:00;31.4;0;SOLEIL;1;0;0
Prunelli-di-Fiumorbo;42.01;9.32;10/08/2026;12:00;31.4;0;SOLEIL;1;0;0
Prunelli-di-Fiumorbo;42.01;9.32;10/08/2026;13:00;31.4;0;SOLEIL;1;0;0
Prunelli-di-Fiumorbo;42.01;9.32;10/08/2026;14:00;30.7;10;ORAGEUX;5;0;0
Prunelli-di-Fiumorbo;42.01;9.32;10/08/2026;15:00;32.0;10;ORAGEUX;5;0;0
Prunelli-di-Fiumorbo;42.01;9.32;10/08/2026;16:00;30.7;10;ORAGEUX;5;0;0
Prunelli-di-Fiumorbo;42.01;9.32;10/08/2026;17:00;27.6;6;AVERSES;0;0;0
Prunelli-di-Fiumorbo;42.01;9.32;10/08/2026;18:00;27.6;6;AVERSES;0;0;0
Prunelli-di-Fiumorbo;42.01;9.32;10/08/2026;19:00;27.6;6;AVERSES;0;0;0
Prunelli-di-Fiumorbo;42.01;9.32;10/08/2026;20:00;25.7;10;ORAGEUX;5;0;0
Prunelli-di-Fiumorbo;42.01;9.32;10/08/2026;21:00;24.5;10;ORAGEUX;5;0;0
Prunelli-di-Fiumorbo;42.01;9.32;10/08/2026;22:00;23.2;10;ORAGEUX;5;0;0
Prunelli-di-Fiumorbo;42.01;9.32;10/08/2026;23:00;23;0;SOLEIL;0;0;0
Prunelli-di-Fiumorbo;42.01;9.32;11/08/2026;00:00;23;0;SOLEIL;0;0;0
Prunelli-di-Fiumorbo;42.01;9.32;11/08/2026;01:00;23;0;SOLEIL;0;0;0
Prunelli-di-Fiumorbo;42.01;9.32;11/08/2026;02:00;22.1;0;SOLEIL;5;0;0
Prunelli-di-Fiumorbo;42.01;9.32;11/08/2026;03:00;22.1;0;SOLEIL;5;0;0
Prunelli-di-Fiumorbo;42.01;9.32;11/08/2026;04:00;22.1;0;SOLEIL;5;0;0
Prunelli-di-Fiumorbo;42.01;9.32;11/08/2026;05:00;24.6;0;SOLEIL;0;0;0
Prunelli-di-Fiumorbo;42.01;9.32;11/08/2026;06:00;24.6;0;SOLEIL;0;0;0
Prunelli-di-Fiumorbo;42.01;9.32;11/08/2026;07:00;24.6;0;SOLEIL;0;0;0
Prunelli-di-Fiumorbo;42.01;9.32;11/08/2026;08:00;24.4;0;SOLEIL;5;0;0
Prunelli-di-Fiumorbo;42.01;9.32;11/08/2026;09:00;25.5;0;SOLEIL;5;0;0
Prunelli-di-Fiumorbo;42.01;9.32;11/08/2026;10:00;26.7;0;SOLEIL;5;0;0
Prunelli-di-Fiumorbo;42.01;9.32;11/08/2026;11:00;30.7;6;AVERSES;1;0;0
Prunelli-di-Fiumorbo;42.01;9.32;11/08/2026;12:00;30.7;6;AVERSES;1;0;0
Prunelli-di-Fiumorbo;42.01;9.32;11/08/2026;13:00;30.7;6;AVERSES;1;0;0
Prunelli-di-Fiumorbo;42.01;9.32;11/08/2026;14:00;31.3;0;SOLEIL;5;0;0
Prunelli-di-Fiumorbo;42.01;9.32;11/08/2026;15:00;32.4;0;SOLEIL;5;0;0
Prunelli-di-Fiumorbo;42.01;9.32;11/08/2026;16:00;31.3;0;SOLEIL;5;0;0
Prunelli-di-Fiumorbo;42.01;9.32;11/08/2026;17:00;27.6;6;AVERSES;0;0;0
Prunelli-di-Fiumorbo;42.01;9.32;11/08/2026;18:00;27.6;6;AVERSES;0;0;0
Prunelli-di-Fiumorbo;42.01;9.32;11/08/2026;19:00;27.6;6;AVERSES;0;0;0
Prunelli-di-Fiumorbo;42.01;9.32;11/08/2026;20:00;26.7;0;SOLEIL;5;0;0
Prunelli-di-Fiumorbo;42.01;9.32;11/08/2026;21:00;25.5;0;SOLEIL;5;0;0
Prunelli-di-Fiumorbo;42.01;9.32;11/08/2026;22:00;24.4;0;SOLEIL;5;0;0
Prunelli-di-Fiumorbo;42.01;9.32;11/08/2026;23:00;23.2;0;SOLEIL;0;0;0
Prunelli-di-Fiumorbo;42.01;9.32;12/08/2026;00:00;23.2;0;SOLEIL;0;0;0
Prunelli-di-Fiumorbo;42.01;9.32;12/08/2026;01:00;23.2;0;SOLEIL;0;0;0
Prunelli-di-Fiumorbo;42.01;9.32;12/08/2026;02:00;22;6;AVERSES;5;0;0
Prunelli-di-Fiumorbo;42.01;9.32;12/08/2026;03:00;22;6;AVERSES;5;0;0
Prunelli-di-Fiumorbo;42.01;9.32;12/08/2026;04:00;22;6;AVERSES;5;0;0
Prunelli-di-Fiumorbo;42.01;9.32;12/08/2026;05:00;24.4;0;SOLEIL;0;0;0
Prunelli-di-Fiumorbo;42.01;9.32;12/08/2026;06:00;24.4;0;SOLEIL;0;0;0
Prunelli-di-Fiumorbo;42.01;9.32;12/08/2026;07:00;24.4;0;SOLEIL;0;0;0
Prunelli-di-Fiumorbo;42.01;9.32;12/08/2026;08:00;24.2;6;AVERSES;5;0;0
Prunelli-di-Fiumorbo;42.01;9.32;12/08/2026;09:00;25.3;6;AVERSES;5;0;0
Prunelli-di-Fiumorbo;42.01;9.32;12/08/2026;10:00;26.4;6;AVERSES;5;0;0
Prunelli-di-Fiumorbo;42.01;9.32;12/08/2026;11:00;31.6;6;AVERSES;1;0;0
Prunelli-di-Fiumorbo;42.01;9.32;12/08/2026;12:00;31.6;6;AVERSES;1;0;0
Prunelli-di-Fiumorbo;42.01;9.32;12/08/2026;13:00;31.6;6;AVERSES;1;0;0
Prunelli-di-Fiumorbo;42.01;9.32;12/08/2026;14:00;30.8;6;AVERSES;5;0;0
Prunelli-di-Fiumorbo;42.01;9.32;12/08/2026;15:00;31.9;6;AVERSES;5;0;0
Prunelli-di-Fiumorbo;42.01;9.32;12/08/2026;16:00;30.8;6;AVERSES;5;0;0
Prunelli-di-Fiumorbo;42.01;9.32;12/08/2026;17:00;27.5;6;AVERSES;0;0;0
Prunelli-di-Fiumorbo;42.01;9.32;12/08/2026;18:00;27.5;6;AVERSES;0;0;0
Prunelli-di-Fiumorbo;42.01;9.32;12/08/2026;19:00;27.5;6;AVERSES;0;0;0
Prunelli-di-Fiumorbo;42.01;9.32;12/08/2026;20:00;26.4;6;AVERSES;5;0;0
Prunelli-di-Fiumorbo;42.01;9.32;12/08/2026;21:00;25.3;6;AVERSES;5;0;0
Prunelli-di-Fiumorbo;42.01;9.32;12/08/2026;22:00;24.2;6;AVERSES;5;0;0
Prunelli-di-Fiumorbo;42.01;9.32;12/08/2026;23:00;23.2;0;SOLEIL;0;0;0
Rogliano;42.95;9.41;08/08/2026;00:00;25.1;0;SOLEIL;5;14;0
Rogliano;42.95;9.41;08/08/2026;01:00;25.1;0;SOLEIL;5;14;0
Rogliano;42.95;9.41;08/08/2026;02:00;24.1;0;SOLEIL;4;0;0
Rogliano;42.95;9.41;08/08/2026;03:00;24.1;0;SOLEIL;4;0;0
Rogliano;42.95;9.41;08/08/2026;04:00;24.1;0;SOLEIL;4;0;0
Rogliano;42.95;9.41;08/08/2026;05:00;26.2;0;SOLEIL;4;0;0
Rogliano;42.95;9.41;08/08/2026;06:00;26.2;0;SOLEIL;4;0;0
Rogliano;42.95;9.41;08/08/2026;07:00;26.2;0;SOLEIL;4;0;0
Rogliano;42.95;9.41;08/08/2026;08:00;30.2;0;SOLEIL;4;0;0
Rogliano;42.95;9.41;08/08/2026;09:00;30.2;0;SOLEIL;4;0;0
Rogliano;42.95;9.41;08/08/2026;10:00;30.2;0;SOLEIL;4;0;0
Rogliano;42.95;9.41;08/08/2026;11:00;31.1;0;SOLEIL;4;0;0
Rogliano;42.95;9.41;08/08/2026;12:00;31.1;0;SOLEIL;4;0;0
Rogliano;42.95;9.41;08/08/2026;13:00;31.1;0;SOLEIL;4;0;0
Rogliano;42.95;9.41;08/08/2026;14:00;30.1;0;SOLEIL;3;0;0
Rogliano;42.95;9.41;08/08/2026;15:00;30.1;0;SOLEIL;3;0;0
Rogliano;42.95;9.41;08/08/2026;16:00;30.1;0;SOLEIL;3;0;0
Rogliano;42.95;9.41;08/08/2026;17:00;28.1;0;SOLEIL;3;0;0
Rogliano;42.95;9.41;08/08/2026;18:00;28.1;0;SOLEIL;3;0;0
Rogliano;42.95;9.41;08/08/2026;19:00;28.1;0;SOLEIL;3;0;0
Rogliano;42.95;9.41;08/08/2026;20:00;25.7;0;SOLEIL;4;0;0
Rogliano;42.95;9.41;08/08/2026;21:00;25.7;0;SOLEIL;4;0;0
Rogliano;42.95;9.41;08/08/2026;22:00;25.7;0;SOLEIL;4;0;0
Rogliano;42.95;9.41;08/08/2026;23:00;24.7;0;SOLEIL;2;0;0
Rogliano;42.95;9.41;09/08/2026;00:00;24.7;0;SOLEIL;2;0;0
Rogliano;42.95;9.41;09/08/2026;01:00;24.7;0;SOLEIL;2;0;0
Rogliano;42.95;9.41;09/08/2026;02:00;23.5;0;SOLEIL;2;0;0
Rogliano;42.95;9.41;09/08/2026;03:00;23.5;0;SOLEIL;2;0;0
Rogliano;42.95;9.41;09/08/2026;04:00;23.5;0;SOLEIL;2;0;0
Rogliano;42.95;9.41;09/08/2026;05:00;25.7;0;SOLEIL;2;0;0
Rogliano;42.95;9.41;09/08/2026;06:00;25.7;0;SOLEIL;2;0;0
Rogliano;42.95;9.41;09/08/2026;07:00;25.7;0;SOLEIL;2;0;0
Rogliano;42.95;9.41;09/08/2026;08:00;30.1;0;SOLEIL;3;0;0
Rogliano;42.95;9.41;09/08/2026;09:00;30.1;0;SOLEIL;3;0;0
Rogliano;42.95;9.41;09/08/2026;10:00;30.1;0;SOLEIL;3;0;0
Rogliano;42.95;9.41;09/08/2026;11:00;31.6;0;SOLEIL;2;0;0
Rogliano;42.95;9.41;09/08/2026;12:00;31.6;0;SOLEIL;2;0;0
Rogliano;42.95;9.41;09/08/2026;13:00;31.6;0;SOLEIL;2;0;0
Rogliano;42.95;9.41;09/08/2026;14:00;31;0;SOLEIL;3;0;0
Rogliano;42.95;9.41;09/08/2026;15:00;31;0;SOLEIL;3;0;0
Rogliano;42.95;9.41;09/08/2026;16:00;31;0;SOLEIL;3;0;0
Rogliano;42.95;9.41;09/08/2026;17:00;28.6;0;SOLEIL;3;0;0
Rogliano;42.95;9.41;09/08/2026;18:00;28.6;0;SOLEIL;3;0;0
Rogliano;42.95;9.41;09/08/2026;19:00;28.6;0;SOLEIL;3;0;0
Rogliano;42.95;9.41;09/08/2026;20:00;27.0;0;SOLEIL;5;0;0
Rogliano;42.95;9.41;09/08/2026;21:00;26.0;0;SOLEIL;5;0;0
Rogliano;42.95;9.41;09/08/2026;22:00;24.9;0;SOLEIL;5;0;0
Rogliano;42.95;9.41;09/08/2026;23:00;25.1;0;SOLEIL;3;0;0
Rogliano;42.95;9.41;10/08/2026;00:00;25.1;0;SOLEIL;3;0;0
Rogliano;42.95;9.41;10/08/2026;01:00;25.1;0;SOLEIL;3;0;0
Rogliano;42.95;9.41;10/08/2026;02:00;23;0;SOLEIL;5;0;0
Rogliano;42.95;9.41;10/08/2026;03:00;23;0;SOLEIL;5;0;0
Rogliano;42.95;9.41;10/08/2026;04:00;23;0;SOLEIL;5;0;0
Rogliano;42.95;9.41;10/08/2026;05:00;28.2;0;SOLEIL;4;0;0
Rogliano;42.95;9.41;10/08/2026;06:00;28.2;0;SOLEIL;4;0;0
Rogliano;42.95;9.41;10/08/2026;07:00;28.2;0;SOLEIL;4;0;0
Rogliano;42.95;9.41;10/08/2026;08:00;25.0;0;SOLEIL;5;0;0
Rogliano;42.95;9.41;10/08/2026;09:00;26.0;0;SOLEIL;5;0;0
Rogliano;42.95;9.41;10/08/2026;10:00;27.0;0;SOLEIL;5;0;0
Rogliano;42.95;9.41;10/08/2026;11:00;32.1;0;SOLEIL;4;0;0
Rogliano;42.95;9.41;10/08/2026;12:00;32.1;0;SOLEIL;4;0;0
Rogliano;42.95;9.41;10/08/2026;13:00;32.1;0;SOLEIL;4;0;0
Rogliano;42.95;9.41;10/08/2026;14:00;30.9;0;SOLEIL;5;0;0
Rogliano;42.95;9.41;10/08/2026;15:00;31.9;0;SOLEIL;5;0;0
Rogliano;42.95;9.41;10/08/2026;16:00;30.9;0;SOLEIL;5;0;0
Rogliano;42.95;9.41;10/08/2026;17:00;28.6;0;SOLEIL;5;0;0
Rogliano;42.95;9.41;10/08/2026;18:00;28.6;0;SOLEIL;5;0;0
Rogliano;42.95;9.41;10/08/2026;19:00;28.6;0;SOLEIL;5;0;0
Rogliano;42.95;9.41;10/08/2026;20:00;27.0;0;SOLEIL;5;0;0
Rogliano;42.95;9.41;10/08/2026;21:00;26.0;0;SOLEIL;5;0;0
Rogliano;42.95;9.41;10/08/2026;22:00;25.0;0;SOLEIL;5;0;0
Rogliano;42.95;9.41;10/08/2026;23:00;26.6;0;SOLEIL;4;0;0
Rogliano;42.95;9.41;11/08/2026;00:00;26.6;0;SOLEIL;4;0;0
Rogliano;42.95;9.41;11/08/2026;01:00;26.6;0;SOLEIL;4;0;0
Rogliano;42.95;9.41;11/08/2026;02:00;25.5;0;SOLEIL;5;0;0
Rogliano;42.95;9.41;11/08/2026;03:00;25.5;0;SOLEIL;5;0;0
Rogliano;42.95;9.41;11/08/2026;04:00;25.5;0;SOLEIL;5;0;0
Rogliano;42.95;9.41;11/08/2026;05:00;28.6;0;SOLEIL;3;0;0
Rogliano;42.95;9.41;11/08/2026;06:00;28.6;0;SOLEIL;3;0;0
Rogliano;42.95;9.41;11/08/2026;07:00;28.6;0;SOLEIL;3;0;0
Rogliano;42.95;9.41;11/08/2026;08:00;27.2;0;SOLEIL;5;0;0
Rogliano;42.95;9.41;11/08/2026;09:00;28.0;0;SOLEIL;5;0;0
Rogliano;42.95;9.41;11/08/2026;10:00;28.8;0;SOLEIL;5;0;0
Rogliano;42.95;9.41;11/08/2026;11:00;30.7;0;SOLEIL;3;0;0
Rogliano;42.95;9.41;11/08/2026;12:00;30.7;0;SOLEIL;3;0;0
Rogliano;42.95;9.41;11/08/2026;13:00;30.7;0;SOLEIL;3;0;0
Rogliano;42.95;9.41;11/08/2026;14:00;32.2;0;SOLEIL;5;0;0
Rogliano;42.95;9.41;11/08/2026;15:00;33.0;0;SOLEIL;5;0;0
Rogliano;42.95;9.41;11/08/2026;16:00;32.2;0;SOLEIL;5;0;0
Rogliano;42.95;9.41;11/08/2026;17:00;29.1;0;SOLEIL;5;0;0
Rogliano;42.95;9.41;11/08/2026;18:00;29.1;0;SOLEIL;5;0;0
Rogliano;42.95;9.41;11/08/2026;19:00;29.1;0;SOLEIL;5;0;0
Rogliano;42.95;9.41;11/08/2026;20:00;28.8;0;SOLEIL;5;0;0
Rogliano;42.95;9.41;11/08/2026;21:00;28.0;0;SOLEIL;5;0;0
Rogliano;42.95;9.41;11/08/2026;22:00;27.2;0;SOLEIL;5;0;0
Rogliano;42.95;9.41;11/08/2026;23:00;26.5;0;SOLEIL;5;0;0
Rogliano;42.95;9.41;12/08/2026;00:00;26.5;0;SOLEIL;5;0;0
Rogliano;42.95;9.41;12/08/2026;01:00;26.5;0;SOLEIL;5;0;0
Rogliano;42.95;9.41;12/08/2026;02:00;25.7;0;SOLEIL;5;0;0
Rogliano;42.95;9.41;12/08/2026;03:00;25.7;0;SOLEIL;5;0;0
Rogliano;42.95;9.41;12/08/2026;04:00;25.7;0;SOLEIL;5;0;0
Rogliano;42.95;9.41;12/08/2026;05:00;28.5;0;SOLEIL;4;0;0
Rogliano;42.95;9.41;12/08/2026;06:00;28.5;0;SOLEIL;4;0;0
Rogliano;42.95;9.41;12/08/2026;07:00;28.5;0;SOLEIL;4;0;0
Rogliano;42.95;9.41;12/08/2026;08:00;27.1;0;SOLEIL;5;0;0
Rogliano;42.95;9.41;12/08/2026;09:00;27.8;0;SOLEIL;5;0;0
Rogliano;42.95;9.41;12/08/2026;10:00;28.5;0;SOLEIL;5;0;0
Rogliano;42.95;9.41;12/08/2026;11:00;32.4;0;SOLEIL;3;0;0
Rogliano;42.95;9.41;12/08/2026;12:00;32.4;0;SOLEIL;3;0;0
Rogliano;42.95;9.41;12/08/2026;13:00;32.4;0;SOLEIL;3;0;0
Rogliano;42.95;9.41;12/08/2026;14:00;31.4;0;SOLEIL;5;0;0
Rogliano;42.95;9.41;12/08/2026;15:00;32.1;0;SOLEIL;5;0;0
Rogliano;42.95;9.41;12/08/2026;16:00;31.4;0;SOLEIL;5;0;0
Rogliano;42.95;9.41;12/08/2026;17:00;29.9;0;SOLEIL;5;0;0
Rogliano;42.95;9.41;12/08/2026;18:00;29.9;0;SOLEIL;5;0;0
Rogliano;42.95;9.41;12/08/2026;19:00;29.9;0;SOLEIL;5;0;0
Rogliano;42.95;9.41;12/08/2026;20:00;28.5;0;SOLEIL;5;0;0
Rogliano;42.95;9.41;12/08/2026;21:00;27.8;0;SOLEIL;5;0;0
Rogliano;42.95;9.41;12/08/2026;22:00;27.1;0;SOLEIL;5;0;0
Rogliano;42.95;9.41;12/08/2026;23:00;26.7;0;SOLEIL;5;0;0
Vico;42.16;8.8;08/08/2026;00:00;19.1;0;SOLEIL;1;0;0
Vico;42.16;8.8;08/08/2026;01:00;19.1;0;SOLEIL;1;0;0
Vico;42.16;8.8;08/08/2026;02:00;16.1;0;SOLEIL;2;0;0
Vico;42.16;8.8;08/08/2026;03:00;16.1;0;SOLEIL;2;0;0
Vico;42.16;8.8;08/08/2026;04:00;16.1;0;SOLEIL;2;0;0
Vico;42.16;8.8;08/08/2026;05:00;18.9;0;SOLEIL;2;0;0
Vico;42.16;8.8;08/08/2026;06:00;18.9;0;SOLEIL;2;0;0
Vico;42.16;8.8;08/08/2026;07:00;18.9;0;SOLEIL;2;0;0
Vico;42.16;8.8;08/08/2026;08:00;30.9;0;SOLEIL;2;0;0
Vico;42.16;8.8;08/08/2026;09:00;30.9;0;SOLEIL;2;0;0
Vico;42.16;8.8;08/08/2026;10:00;30.9;0;SOLEIL;2;0;0
Vico;42.16;8.8;08/08/2026;11:00;31.9;0;SOLEIL;3;0;0
Vico;42.16;8.8;08/08/2026;12:00;31.9;0;SOLEIL;3;0;0
Vico;42.16;8.8;08/08/2026;13:00;31.9;0;SOLEIL;3;0;0
Vico;42.16;8.8;08/08/2026;14:00;30.7;0;SOLEIL;3;0;0
Vico;42.16;8.8;08/08/2026;15:00;30.7;0;SOLEIL;3;0;0
Vico;42.16;8.8;08/08/2026;16:00;30.7;0;SOLEIL;3;0;0
Vico;42.16;8.8;08/08/2026;17:00;26.9;0;SOLEIL;1;0;0
Vico;42.16;8.8;08/08/2026;18:00;26.9;0;SOLEIL;1;0;0
Vico;42.16;8.8;08/08/2026;19:00;26.9;0;SOLEIL;1;0;0
Vico;42.16;8.8;08/08/2026;20:00;20.4;0;SOLEIL;1;0;0
Vico;42.16;8.8;08/08/2026;21:00;20.4;0;SOLEIL;1;0;0
Vico;42.16;8.8;08/08/2026;22:00;20.4;0;SOLEIL;1;0;0
Vico;42.16;8.8;08/08/2026;23:00;20;0;SOLEIL;1;0;0
Vico;42.16;8.8;09/08/2026;00:00;20;0;SOLEIL;1;0;0
Vico;42.16;8.8;09/08/2026;01:00;20;0;SOLEIL;1;0;0
Vico;42.16;8.8;09/08/2026;02:00;18.4;0;SOLEIL;2;0;0
Vico;42.16;8.8;09/08/2026;03:00;18.4;0;SOLEIL;2;0;0
Vico;42.16;8.8;09/08/2026;04:00;18.4;0;SOLEIL;2;0;0
Vico;42.16;8.8;09/08/2026;05:00;21;0;SOLEIL;2;0;0
Vico;42.16;8.8;09/08/2026;06:00;21;0;SOLEIL;2;0;0
Vico;42.16;8.8;09/08/2026;07:00;21;0;SOLEIL;2;0;0
Vico;42.16;8.8;09/08/2026;08:00;31.9;0;SOLEIL;2;0;0
Vico;42.16;8.8;09/08/2026;09:00;31.9;0;SOLEIL;2;0;0
Vico;42.16;8.8;09/08/2026;10:00;31.9;0;SOLEIL;2;0;0
Vico;42.16;8.8;09/08/2026;11:00;33.1;0;SOLEIL;3;0;0
Vico;42.16;8.8;09/08/2026;12:00;33.1;0;SOLEIL;3;0;0
Vico;42.16;8.8;09/08/2026;13:00;33.1;0;SOLEIL;3;0;0
Vico;42.16;8.8;09/08/2026;14:00;32.9;0;SOLEIL;3;0;0
Vico;42.16;8.8;09/08/2026;15:00;32.9;0;SOLEIL;3;0;0
Vico;42.16;8.8;09/08/2026;16:00;32.9;0;SOLEIL;3;0;0
Vico;42.16;8.8;09/08/2026;17:00;28.4;0;SOLEIL;1;0;0
Vico;42.16;8.8;09/08/2026;18:00;28.4;0;SOLEIL;1;0;0
Vico;42.16;8.8;09/08/2026;19:00;28.4;0;SOLEIL;1;0;0
Vico;42.16;8.8;09/08/2026;20:00;22.9;0;SOLEIL;5;0;0
Vico;42.16;8.8;09/08/2026;21:00;21.0;0;SOLEIL;5;0;0
Vico;42.16;8.8;09/08/2026;22:00;19.0;0;SOLEIL;5;0;0
Vico;42.16;8.8;09/08/2026;23:00;20.5;0;SOLEIL;2;0;0
Vico;42.16;8.8;10/08/2026;00:00;20.5;0;SOLEIL;2;0;0
Vico;42.16;8.8;10/08/2026;01:00;20.5;0;SOLEIL;2;0;0
Vico;42.16;8.8;10/08/2026;02:00;17.6;0;SOLEIL;5;0;0
Vico;42.16;8.8;10/08/2026;03:00;17.6;0;SOLEIL;5;0;0
Vico;42.16;8.8;10/08/2026;04:00;17.6;0;SOLEIL;5;0;0
Vico;42.16;8.8;10/08/2026;05:00;20.9;0;SOLEIL;0;0;0
Vico;42.16;8.8;10/08/2026;06:00;20.9;0;SOLEIL;0;0;0
Vico;42.16;8.8;10/08/2026;07:00;20.9;0;SOLEIL;0;0;0
Vico;42.16;8.8;10/08/2026;08:00;21.2;0;SOLEIL;5;0;0
Vico;42.16;8.8;10/08/2026;09:00;23.0;0;SOLEIL;5;0;0
Vico;42.16;8.8;10/08/2026;10:00;24.8;0;SOLEIL;5;0;0
Vico;42.16;8.8;10/08/2026;11:00;33.4;0;SOLEIL;3;0;0
Vico;42.16;8.8;10/08/2026;12:00;33.4;0;SOLEIL;3;0;0
Vico;42.16;8.8;10/08/2026;13:00;33.4;0;SOLEIL;3;0;0
Vico;42.16;8.8;10/08/2026;14:00;32.1;0;SOLEIL;5;0;0
Vico;42.16;8.8;10/08/2026;15:00;33.9;0;SOLEIL;5;0;0
Vico;42.16;8.8;10/08/2026;16:00;32.1;0;SOLEIL;5;0;0
Vico;42.16;8.8;10/08/2026;17:00;27.1;0;SOLEIL;0;0;0
Vico;42.16;8.8;10/08/2026;18:00;27.1;0;SOLEIL;0;0;0
Vico;42.16;8.8;10/08/2026;19:00;27.1;0;SOLEIL;0;0;0
Vico;42.16;8.8;10/08/2026;20:00;24.8;0;SOLEIL;5;0;0
Vico;42.16;8.8;10/08/2026;21:00;23.0;0;SOLEIL;5;0;0
Vico;42.16;8.8;10/08/2026;22:00;21.2;0;SOLEIL;5;0;0
Vico;42.16;8.8;10/08/2026;23:00;19.2;0;SOLEIL;1;0;0
Vico;42.16;8.8;11/08/2026;00:00;19.2;0;SOLEIL;1;0;0
Vico;42.16;8.8;11/08/2026;01:00;19.2;0;SOLEIL;1;0;0
Vico;42.16;8.8;11/08/2026;02:00;17.1;0;SOLEIL;5;0;0
Vico;42.16;8.8;11/08/2026;03:00;17.1;0;SOLEIL;5;0;0
Vico;42.16;8.8;11/08/2026;04:00;17.1;0;SOLEIL;5;0;0
Vico;42.16;8.8;11/08/2026;05:00;20;0;SOLEIL;0;0;0
Vico;42.16;8.8;11/08/2026;06:00;20;0;SOLEIL;0;0;0
Vico;42.16;8.8;11/08/2026;07:00;20;0;SOLEIL;0;0;0
Vico;42.16;8.8;11/08/2026;08:00;20.9;0;SOLEIL;5;0;0
Vico;42.16;8.8;11/08/2026;09:00;22.8;0;SOLEIL;5;0;0
Vico;42.16;8.8;11/08/2026;10:00;24.7;0;SOLEIL;5;0;0
Vico;42.16;8.8;11/08/2026;11:00;32.1;0;SOLEIL;3;0;0
Vico;42.16;8.8;11/08/2026;12:00;32.1;0;SOLEIL;3;0;0
Vico;42.16;8.8;11/08/2026;13:00;32.1;0;SOLEIL;3;0;0
Vico;42.16;8.8;11/08/2026;14:00;32.2;0;SOLEIL;5;0;0
Vico;42.16;8.8;11/08/2026;15:00;34.1;0;SOLEIL;5;0;0
Vico;42.16;8.8;11/08/2026;16:00;32.2;0;SOLEIL;5;0;0
Vico;42.16;8.8;11/08/2026;17:00;27.6;0;SOLEIL;0;0;0
Vico;42.16;8.8;11/08/2026;18:00;27.6;0;SOLEIL;0;0;0
Vico;42.16;8.8;11/08/2026;19:00;27.6;0;SOLEIL;0;0;0
Vico;42.16;8.8;11/08/2026;20:00;24.7;0;SOLEIL;5;0;0
Vico;42.16;8.8;11/08/2026;21:00;22.8;0;SOLEIL;5;0;0
Vico;42.16;8.8;11/08/2026;22:00;20.9;0;SOLEIL;5;0;0
Vico;42.16;8.8;11/08/2026;23:00;19.5;0;SOLEIL;1;0;0
Vico;42.16;8.8;12/08/2026;00:00;19.5;0;SOLEIL;1;0;0
Vico;42.16;8.8;12/08/2026;01:00;19.5;0;SOLEIL;1;0;0
Vico;42.16;8.8;12/08/2026;02:00;16.5;0;SOLEIL;5;0;0
Vico;42.16;8.8;12/08/2026;03:00;16.5;0;SOLEIL;5;0;0
Vico;42.16;8.8;12/08/2026;04:00;16.5;0;SOLEIL;5;0;0
Vico;42.16;8.8;12/08/2026;05:00;20.6;0;SOLEIL;1;0;0
Vico;42.16;8.8;12/08/2026;06:00;20.6;0;SOLEIL;1;0;0
Vico;42.16;8.8;12/08/2026;07:00;20.6;0;SOLEIL;1;0;0
Vico;42.16;8.8;12/08/2026;08:00;20.3;0;SOLEIL;5;0;0
Vico;42.16;8.8;12/08/2026;09:00;22.2;0;SOLEIL;5;0;0
Vico;42.16;8.8;12/08/2026;10:00;24.1;0;SOLEIL;5;0;0
Vico;42.16;8.8;12/08/2026;11:00;30.5;6;AVERSES;2;0;0
Vico;42.16;8.8;12/08/2026;12:00;30.5;6;AVERSES;2;0;0
Vico;42.16;8.8;12/08/2026;13:00;30.5;6;AVERSES;2;0;0
Vico;42.16;8.8;12/08/2026;14:00;31.7;0;SOLEIL;5;0;0
Vico;42.16;8.8;12/08/2026;15:00;33.6;0;SOLEIL;5;0;0
Vico;42.16;8.8;12/08/2026;16:00;31.7;0;SOLEIL;5;0;0
Vico;42.16;8.8;12/08/2026;17:00;27.4;6;AVERSES;0;0;0
Vico;42.16;8.8;12/08/2026;18:00;27.4;6;AVERSES;0;0;0
Vico;42.16;8.8;12/08/2026;19:00;27.4;6;AVERSES;0;0;0
Vico;42.16;8.8;12/08/2026;20:00;24.1;0;SOLEIL;5;0;0
Vico;42.16;8.8;12/08/2026;21:00;22.2;0;SOLEIL;5;0;0
Vico;42.16;8.8;12/08/2026;22:00;20.3;0;SOLEIL;5;0;0
Vico;42.16;8.8;12/08/2026;23:00;19.6;0;SOLEIL;1;0;0
